YEAR,MONTH,DAY,DAY_OF_WEEK,AIRLINE,FLIGHT_NUMBER,TAIL_NUMBER,ORIGIN_AIRPORT,DESTINATION_AIRPORT,SCHEDULED_DEPARTURE,DEPARTURE_TIME,DEPARTURE_DELAY,TAXI_OUT,WHEELS_OFF,SCHEDULED_TIME,ELAPSED_TIME,AIR_TIME,DISTANCE,WHEELS_ON,TAXI_IN,SCHEDULED_ARRIVAL,ARRIVAL_TIME,ARRIVAL_DELAY,DIVERTED,CANCELLED,CANCELLATION_REASON,AIR_SYSTEM_DELAY,SECURITY_DELAY,AIRLINE_DELAY,LATE_AIRCRAFT_DELAY,WEATHER_DELAY
2015,1,1,4,OO,6338,N578SW,PSP,LAX,922,920.0,-2.0,13.0,933.0,56.0,64.0,30.0,110,1003.0,21.0,1018,1024.0,6.0,0,0,,,,,,
2015,1,1,4,OO,6312,N562SW,PSP,LAX,1125,1127.0,2.0,13.0,1140.0,59.0,50.0,29.0,110,1209.0,8.0,1224,1217.0,-7.0,0,0,,,,,,
2015,1,1,4,OO,6429,N586SW,PSP,LAX,1450,1455.0,5.0,13.0,1508.0,52.0,65.0,28.0,110,1536.0,24.0,1542,1600.0,18.0,0,0,,13.0,0.0,0.0,5.0,0.0
2015,1,1,4,OO,6302,N568SW,PSP,LAX,1743,1806.0,23.0,8.0,1814.0,47.0,43.0,30.0,110,1844.0,5.0,1830,1849.0,19.0,0,0,,0.0,0.0,0.0,19.0,0.0
2015,1,1,4,OO,6445,N569SW,PSP,LAX,1928,1918.0,-10.0,10.0,1928.0,52.0,49.0,25.0,110,1953.0,14.0,2020,2007.0,-13.0,0,0,,,,,,
2015,1,2,5,OO,6442,N582SW,PSP,LAX,922,920.0,-2.0,11.0,931.0,56.0,52.0,32.0,110,1003.0,9.0,1018,1012.0,-6.0,0,0,,,,,,
2015,1,2,5,OO,6312,N586SW,PSP,LAX,1125,1127.0,2.0,6.0,1133.0,59.0,55.0,30.0,110,1203.0,19.0,1224,1222.0,-2.0,0,0,,,,,,
2015,1,2,5,OO,6429,N584SW,PSP,LAX,1450,1503.0,13.0,8.0,1511.0,52.0,38.0,27.0,110,1538.0,3.0,1542,1541.0,-1.0,0,0,,,,,,
2015,1,2,5,OO,6302,N584SW,PSP,LAX,1743,1737.0,-6.0,6.0,1743.0,47.0,38.0,29.0,110,1812.0,3.0,1830,1815.0,-15.0,0,0,,,,,,
2015,1,2,5,OO,6445,N235SW,PSP,LAX,1928,1931.0,3.0,9.0,1940.0,52.0,59.0,28.0,110,2008.0,22.0,2020,2030.0,10.0,0,0,,,,,,
2015,1,3,6,OO,6312,N579SW,PSP,LAX,1125,1225.0,60.0,10.0,1235.0,59.0,43.0,27.0,110,1302.0,6.0,1224,1308.0,44.0,0,0,,0.0,0.0,0.0,44.0,0.0
2015,1,3,6,OO,6429,N298SW,PSP,LAX,1450,1457.0,7.0,10.0,1507.0,52.0,43.0,26.0,110,1533.0,7.0,1542,1540.0,-2.0,0,0,,,,,,
2015,1,3,6,OO,6302,N221SW,PSP,LAX,1753,1912.0,79.0,11.0,1923.0,47.0,58.0,27.0,110,1950.0,20.0,1840,2010.0,90.0,0,0,,11.0,0.0,12.0,67.0,0.0
2015,1,3,6,OO,6445,N507CA,PSP,LAX,1950,2002.0,12.0,11.0,2013.0,51.0,46.0,23.0,110,2036.0,12.0,2041,2048.0,7.0,0,0,,,,,,
2015,1,4,7,OO,6442,N568SW,PSP,LAX,922,,,,,56.0,,,110,,,1018,,,0,1,A,,,,,
2015,1,4,7,OO,6312,N584SW,PSP,LAX,1125,1137.0,12.0,11.0,1148.0,59.0,45.0,26.0,110,1214.0,8.0,1224,1222.0,-2.0,0,0,,,,,,
2015,1,4,7,OO,6429,N585SW,PSP,LAX,1450,1640.0,110.0,12.0,1652.0,52.0,46.0,27.0,110,1719.0,7.0,1542,1726.0,104.0,0,0,,0.0,0.0,0.0,104.0,0.0
2015,1,4,7,OO,6302,N568SW,PSP,LAX,1743,1742.0,-1.0,13.0,1755.0,47.0,56.0,31.0,110,1826.0,12.0,1830,1838.0,8.0,0,0,,,,,,
2015,1,4,7,OO,6445,N579SW,PSP,LAX,1928,1925.0,-3.0,8.0,1933.0,52.0,65.0,27.0,110,2000.0,30.0,2020,2030.0,10.0,0,0,,,,,,
2015,1,5,1,OO,6442,N235SW,PSP,LAX,922,917.0,-5.0,10.0,927.0,56.0,46.0,29.0,110,956.0,7.0,1018,1003.0,-15.0,0,0,,,,,,
2015,1,5,1,OO,6429,N290SW,PSP,LAX,1450,1512.0,22.0,8.0,1520.0,52.0,41.0,26.0,110,1546.0,7.0,1542,1553.0,11.0,0,0,,,,,,
2015,1,5,1,OO,6302,N290SW,PSP,LAX,1743,1754.0,11.0,7.0,1801.0,47.0,61.0,27.0,110,1828.0,27.0,1830,1855.0,25.0,0,0,,14.0,0.0,0.0,11.0,0.0
2015,1,5,1,OO,6445,N585SW,PSP,LAX,1928,1919.0,-9.0,18.0,1937.0,52.0,51.0,26.0,110,2003.0,7.0,2020,2010.0,-10.0,0,0,,,,,,
2015,1,6,2,OO,5198,N724SK,PSP,LAX,615,611.0,-4.0,22.0,633.0,59.0,79.0,22.0,110,655.0,35.0,714,730.0,16.0,0,0,,16.0,0.0,0.0,0.0,0.0
2015,1,6,2,OO,6442,N561SW,PSP,LAX,919,919.0,0.0,19.0,938.0,56.0,64.0,29.0,110,1007.0,16.0,1015,1023.0,8.0,0,0,,,,,,
2015,1,6,2,OO,6312,N290SW,PSP,LAX,1138,1149.0,11.0,9.0,1158.0,56.0,54.0,27.0,110,1225.0,18.0,1234,1243.0,9.0,0,0,,,,,,
2015,1,6,2,OO,5618,N290SW,PSP,LAX,1440,1432.0,-8.0,18.0,1450.0,54.0,58.0,24.0,110,1514.0,16.0,1534,1530.0,-4.0,0,0,,,,,,
2015,1,6,2,OO,6302,N290SW,PSP,LAX,1726,1717.0,-9.0,8.0,1725.0,49.0,46.0,26.0,110,1751.0,12.0,1815,1803.0,-12.0,0,0,,,,,,
2015,1,6,2,OO,5190,N585SW,PSP,LAX,1856,1848.0,-8.0,5.0,1853.0,54.0,42.0,29.0,110,1922.0,8.0,1950,1930.0,-20.0,0,0,,,,,,
2015,1,7,3,OO,6442,N568SW,PSP,LAX,919,910.0,-9.0,13.0,923.0,56.0,51.0,29.0,110,952.0,9.0,1015,1001.0,-14.0,0,0,,,,,,
2015,1,7,3,OO,6312,N290SW,PSP,LAX,1138,1130.0,-8.0,8.0,1138.0,56.0,74.0,27.0,110,1205.0,39.0,1234,1244.0,10.0,0,0,,,,,,
2015,1,7,3,OO,5618,N290SW,PSP,LAX,1440,1431.0,-9.0,13.0,1444.0,54.0,46.0,29.0,110,1513.0,4.0,1534,1517.0,-17.0,0,0,,,,,,
2015,1,7,3,OO,6302,N290SW,PSP,LAX,1726,1720.0,-6.0,6.0,1726.0,49.0,46.0,29.0,110,1755.0,11.0,1815,1806.0,-9.0,0,0,,,,,,
2015,1,7,3,OO,5190,N291SW,PSP,LAX,1856,1848.0,-8.0,8.0,1856.0,54.0,45.0,28.0,110,1924.0,9.0,1950,1933.0,-17.0,0,0,,,,,,
2015,1,8,4,OO,6442,N221SW,PSP,LAX,919,916.0,-3.0,14.0,930.0,56.0,68.0,30.0,110,1000.0,24.0,1015,1024.0,9.0,0,0,,,,,,
2015,1,8,4,OO,6312,N578SW,PSP,LAX,1138,1150.0,12.0,15.0,1205.0,56.0,63.0,28.0,110,1233.0,20.0,1234,1253.0,19.0,0,0,,7.0,0.0,11.0,1.0,0.0
2015,1,8,4,OO,5618,N578SW,PSP,LAX,1440,1440.0,0.0,10.0,1450.0,54.0,45.0,30.0,110,1520.0,5.0,1534,1525.0,-9.0,0,0,,,,,,
2015,1,8,4,OO,6302,N578SW,PSP,LAX,1726,1719.0,-7.0,10.0,1729.0,49.0,55.0,33.0,110,1802.0,12.0,1815,1814.0,-1.0,0,0,,,,,,
2015,1,8,4,OO,5190,N569SW,PSP,LAX,1856,1847.0,-9.0,8.0,1855.0,54.0,50.0,29.0,110,1924.0,13.0,1950,1937.0,-13.0,0,0,,,,,,
2015,1,9,5,OO,6442,N583SW,PSP,LAX,919,916.0,-3.0,12.0,928.0,56.0,68.0,28.0,110,956.0,28.0,1015,1024.0,9.0,0,0,,,,,,
2015,1,9,5,OO,6312,N578SW,PSP,LAX,1138,1129.0,-9.0,10.0,1139.0,56.0,61.0,26.0,110,1205.0,25.0,1234,1230.0,-4.0,0,0,,,,,,
2015,1,9,5,OO,5618,N578SW,PSP,LAX,1440,1440.0,0.0,8.0,1448.0,54.0,46.0,28.0,110,1516.0,10.0,1534,1526.0,-8.0,0,0,,,,,,
2015,1,9,5,OO,6302,N578SW,PSP,LAX,1726,1723.0,-3.0,8.0,1731.0,49.0,55.0,27.0,110,1758.0,20.0,1815,1818.0,3.0,0,0,,,,,,
2015,1,9,5,OO,5190,N295SW,PSP,LAX,1856,1855.0,-1.0,4.0,1859.0,54.0,47.0,27.0,110,1926.0,16.0,1950,1942.0,-8.0,0,0,,,,,,
2015,1,10,6,OO,6442,N295SW,PSP,LAX,1019,1024.0,5.0,13.0,1037.0,56.0,61.0,27.0,110,1104.0,21.0,1115,1125.0,10.0,0,0,,,,,,
2015,1,10,6,OO,6430,N785SK,PSP,LAX,1217,1211.0,-6.0,27.0,1238.0,56.0,61.0,26.0,110,1304.0,8.0,1313,1312.0,-1.0,0,0,,,,,,
2015,1,10,6,OO,6429,N221SW,PSP,LAX,1512,1526.0,14.0,12.0,1538.0,54.0,46.0,28.0,110,1606.0,6.0,1606,1612.0,6.0,0,0,,,,,,
2015,1,10,6,OO,6302,N726SK,PSP,LAX,1726,1715.0,-11.0,26.0,1741.0,49.0,65.0,24.0,110,1805.0,15.0,1815,1820.0,5.0,0,0,,,,,,
2015,1,10,6,OO,5190,N585SW,PSP,LAX,1856,1852.0,-4.0,8.0,1900.0,54.0,46.0,29.0,110,1929.0,9.0,1950,1938.0,-12.0,0,0,,,,,,
2015,1,11,7,OO,6442,N586SW,PSP,LAX,919,915.0,-4.0,12.0,927.0,56.0,53.0,30.0,110,957.0,11.0,1015,1008.0,-7.0,0,0,,,,,,
2015,1,11,7,OO,6312,N583SW,PSP,LAX,1048,1121.0,33.0,11.0,1132.0,56.0,59.0,30.0,110,1202.0,18.0,1144,1220.0,36.0,0,0,,3.0,0.0,25.0,8.0,0.0
2015,1,11,7,OO,5618,N578SW,PSP,LAX,1502,1516.0,14.0,9.0,1525.0,54.0,42.0,30.0,110,1555.0,3.0,1556,1558.0,2.0,0,0,,,,,,
2015,1,11,7,OO,6302,N563SW,PSP,LAX,1731,1725.0,-6.0,8.0,1733.0,49.0,40.0,27.0,110,1800.0,5.0,1820,1805.0,-15.0,0,0,,,,,,
2015,1,11,7,OO,5190,N583SW,PSP,LAX,1903,1856.0,-7.0,8.0,1904.0,54.0,44.0,30.0,110,1934.0,6.0,1957,1940.0,-17.0,0,0,,,,,,
2015,1,12,1,OO,6442,N569SW,PSP,LAX,919,920.0,1.0,9.0,929.0,56.0,45.0,30.0,110,959.0,6.0,1015,1005.0,-10.0,0,0,,,,,,
2015,1,12,1,OO,6312,N578SW,PSP,LAX,1138,1137.0,-1.0,11.0,1148.0,56.0,48.0,31.0,110,1219.0,6.0,1234,1225.0,-9.0,0,0,,,,,,
2015,1,12,1,OO,5618,N578SW,PSP,LAX,1440,1444.0,4.0,12.0,1456.0,54.0,46.0,30.0,110,1526.0,4.0,1534,1530.0,-4.0,0,0,,,,,,
2015,1,12,1,OO,6302,N578SW,PSP,LAX,1726,1727.0,1.0,6.0,1733.0,49.0,37.0,26.0,110,1759.0,5.0,1815,1804.0,-11.0,0,0,,,,,,
2015,1,12,1,OO,5190,N290SW,PSP,LAX,1856,1850.0,-6.0,5.0,1855.0,54.0,37.0,26.0,110,1921.0,6.0,1950,1927.0,-23.0,0,0,,,,,,
2015,1,13,2,OO,6442,N563SW,PSP,LAX,919,919.0,0.0,11.0,930.0,56.0,49.0,32.0,110,1002.0,6.0,1015,1008.0,-7.0,0,0,,,,,,
2015,1,13,2,OO,6312,N580SW,PSP,LAX,1138,1135.0,-3.0,15.0,1150.0,56.0,65.0,32.0,110,1222.0,18.0,1234,1240.0,6.0,0,0,,,,,,
2015,1,13,2,OO,5618,N580SW,PSP,LAX,1440,1432.0,-8.0,9.0,1441.0,54.0,47.0,31.0,110,1512.0,7.0,1534,1519.0,-15.0,0,0,,,,,,
2015,1,13,2,OO,6302,N580SW,PSP,LAX,1726,1715.0,-11.0,5.0,1720.0,49.0,44.0,30.0,110,1750.0,9.0,1815,1759.0,-16.0,0,0,,,,,,
2015,1,13,2,OO,5190,N563SW,PSP,LAX,1856,1848.0,-8.0,5.0,1853.0,54.0,66.0,25.0,110,1918.0,36.0,1950,1954.0,4.0,0,0,,,,,,
2015,1,14,3,OO,6442,N586SW,PSP,LAX,919,929.0,10.0,13.0,942.0,56.0,46.0,26.0,110,1008.0,7.0,1015,1015.0,0.0,0,0,,,,,,
2015,1,14,3,OO,6312,N580SW,PSP,LAX,1138,1132.0,-6.0,11.0,1143.0,56.0,66.0,28.0,110,1211.0,27.0,1234,1238.0,4.0,0,0,,,,,,
2015,1,14,3,OO,5618,N580SW,PSP,LAX,1440,1435.0,-5.0,9.0,1444.0,54.0,42.0,29.0,110,1513.0,4.0,1534,1517.0,-17.0,0,0,,,,,,
2015,1,14,3,OO,6302,N580SW,PSP,LAX,1726,1720.0,-6.0,7.0,1727.0,49.0,49.0,28.0,110,1755.0,14.0,1815,1809.0,-6.0,0,0,,,,,,
2015,1,14,3,OO,5190,N578SW,PSP,LAX,1856,1848.0,-8.0,10.0,1858.0,54.0,77.0,27.0,110,1925.0,40.0,1950,2005.0,15.0,0,0,,15.0,0.0,0.0,0.0,0.0
2015,1,15,4,OO,6442,N290SW,PSP,LAX,919,1013.0,54.0,10.0,1023.0,56.0,44.0,26.0,110,1049.0,8.0,1015,1057.0,42.0,0,0,,0.0,0.0,42.0,0.0,0.0
2015,1,15,4,OO,6312,N580SW,PSP,LAX,1138,1134.0,-4.0,11.0,1145.0,56.0,69.0,28.0,110,1213.0,30.0,1234,1243.0,9.0,0,0,,,,,,
2015,1,15,4,OO,5618,N580SW,PSP,LAX,1440,1452.0,12.0,12.0,1504.0,54.0,51.0,29.0,110,1533.0,10.0,1534,1543.0,9.0,0,0,,,,,,
2015,1,15,4,OO,6302,N580SW,PSP,LAX,1726,1725.0,-1.0,9.0,1734.0,49.0,45.0,30.0,110,1804.0,6.0,1815,1810.0,-5.0,0,0,,,,,,
2015,1,15,4,OO,5190,N295SW,PSP,LAX,1856,1854.0,-2.0,5.0,1859.0,54.0,37.0,26.0,110,1925.0,6.0,1950,1931.0,-19.0,0,0,,,,,,
2015,1,16,5,OO,6442,N583SW,PSP,LAX,919,919.0,0.0,23.0,942.0,56.0,63.0,28.0,110,1010.0,12.0,1015,1022.0,7.0,0,0,,,,,,
2015,1,16,5,OO,6312,N580SW,PSP,LAX,1138,1128.0,-10.0,9.0,1137.0,56.0,67.0,27.0,110,1204.0,31.0,1234,1235.0,1.0,0,0,,,,,,
2015,1,16,5,OO,5618,N568SW,PSP,LAX,1440,1554.0,74.0,12.0,1606.0,54.0,45.0,25.0,110,1631.0,8.0,1534,1639.0,65.0,0,0,,0.0,0.0,0.0,65.0,0.0
2015,1,16,5,OO,6302,N568SW,PSP,LAX,1726,1805.0,39.0,12.0,1817.0,49.0,42.0,26.0,110,1843.0,4.0,1815,1847.0,32.0,0,0,,0.0,0.0,0.0,32.0,0.0
2015,1,16,5,OO,5190,N582SW,PSP,LAX,1856,1851.0,-5.0,10.0,1901.0,54.0,49.0,30.0,110,1931.0,9.0,1950,1940.0,-10.0,0,0,,,,,,
2015,1,17,6,OO,6442,N582SW,PSP,LAX,1019,1026.0,7.0,19.0,1045.0,56.0,72.0,29.0,110,1114.0,24.0,1115,1138.0,23.0,0,0,,16.0,0.0,0.0,7.0,0.0
2015,1,17,6,OO,6430,N796SK,PSP,LAX,1217,1210.0,-7.0,9.0,1219.0,56.0,71.0,26.0,110,1245.0,36.0,1313,1321.0,8.0,0,0,,,,,,
2015,1,17,6,OO,6429,N568SW,PSP,LAX,1512,1506.0,-6.0,13.0,1519.0,54.0,49.0,30.0,110,1549.0,6.0,1606,1555.0,-11.0,0,0,,,,,,
2015,1,17,6,OO,6302,N918SW,PSP,LAX,1726,1718.0,-8.0,19.0,1737.0,49.0,47.0,22.0,110,1759.0,6.0,1815,1805.0,-10.0,0,0,,,,,,
2015,1,17,6,OO,5190,N585SW,PSP,LAX,1856,1854.0,-2.0,6.0,1900.0,54.0,42.0,29.0,110,1929.0,7.0,1950,1936.0,-14.0,0,0,,,,,,
2015,1,18,7,OO,6442,N295SW,PSP,LAX,919,1054.0,95.0,16.0,1110.0,56.0,50.0,25.0,110,1135.0,9.0,1015,1144.0,89.0,0,0,,0.0,0.0,89.0,0.0,0.0
2015,1,18,7,OO,6312,N582SW,PSP,LAX,1048,1047.0,-1.0,10.0,1057.0,56.0,80.0,28.0,110,1125.0,42.0,1144,1207.0,23.0,0,0,,23.0,0.0,0.0,0.0,0.0
2015,1,18,7,OO,5618,N295SW,PSP,LAX,1502,1551.0,49.0,10.0,1601.0,54.0,41.0,25.0,110,1626.0,6.0,1556,1632.0,36.0,0,0,,0.0,0.0,0.0,36.0,0.0
2015,1,18,7,OO,6302,N221SW,PSP,LAX,1731,1730.0,-1.0,10.0,1740.0,49.0,48.0,30.0,110,1810.0,8.0,1820,1818.0,-2.0,0,0,,,,,,
2015,1,18,7,OO,5190,N585SW,PSP,LAX,1903,1856.0,-7.0,14.0,1910.0,54.0,55.0,28.0,110,1938.0,13.0,1957,1951.0,-6.0,0,0,,,,,,
2015,1,19,1,OO,6442,N578SW,PSP,LAX,919,913.0,-6.0,12.0,925.0,56.0,61.0,32.0,110,957.0,17.0,1015,1014.0,-1.0,0,0,,,,,,
2015,1,19,1,OO,6312,N295SW,PSP,LAX,1138,1234.0,56.0,8.0,1242.0,56.0,63.0,26.0,110,1308.0,29.0,1234,1337.0,63.0,0,0,,7.0,0.0,0.0,56.0,0.0
2015,1,19,1,OO,5618,N295SW,PSP,LAX,1440,1515.0,35.0,18.0,1533.0,54.0,66.0,26.0,110,1559.0,22.0,1534,1621.0,47.0,0,0,,12.0,0.0,0.0,35.0,0.0
2015,1,19,1,OO,6302,N295SW,PSP,LAX,1726,1749.0,23.0,8.0,1757.0,49.0,38.0,26.0,110,1823.0,4.0,1815,1827.0,12.0,0,0,,,,,,
2015,1,19,1,OO,5190,N568SW,PSP,LAX,1856,1906.0,10.0,8.0,1914.0,54.0,40.0,28.0,110,1942.0,4.0,1950,1946.0,-4.0,0,0,,,,,,
2015,1,20,2,OO,6442,N580SW,PSP,LAX,919,930.0,11.0,8.0,938.0,56.0,45.0,32.0,110,1010.0,5.0,1015,1015.0,0.0,0,0,,,,,,
2015,1,20,2,OO,6312,N295SW,PSP,LAX,1138,1128.0,-10.0,16.0,1144.0,56.0,76.0,46.0,110,1230.0,14.0,1234,1244.0,10.0,0,0,,,,,,
2015,1,20,2,OO,5618,N295SW,PSP,LAX,1440,1439.0,-1.0,13.0,1452.0,54.0,69.0,32.0,110,1524.0,24.0,1534,1548.0,14.0,0,0,,,,,,
2015,1,20,2,OO,6302,N295SW,PSP,LAX,1726,1734.0,8.0,11.0,1745.0,49.0,44.0,26.0,110,1811.0,7.0,1815,1818.0,3.0,0,0,,,,,,
2015,1,20,2,OO,5190,N221SW,PSP,LAX,1856,1846.0,-10.0,8.0,1854.0,54.0,43.0,27.0,110,1921.0,8.0,1950,1929.0,-21.0,0,0,,,,,,
2015,1,21,3,OO,6442,N237SW,PSP,LAX,919,915.0,-4.0,15.0,930.0,56.0,60.0,30.0,110,1000.0,15.0,1015,1015.0,0.0,0,0,,,,,,
2015,1,21,3,OO,6312,N295SW,PSP,LAX,1138,1131.0,-7.0,19.0,1150.0,56.0,72.0,29.0,110,1219.0,24.0,1234,1243.0,9.0,0,0,,,,,,
2015,1,21,3,OO,5618,N295SW,PSP,LAX,1440,1440.0,0.0,10.0,1450.0,54.0,44.0,29.0,110,1519.0,5.0,1534,1524.0,-10.0,0,0,,,,,,
2015,1,21,3,OO,6302,N295SW,PSP,LAX,1726,1729.0,3.0,9.0,1738.0,49.0,42.0,29.0,110,1807.0,4.0,1815,1811.0,-4.0,0,0,,,,,,
2015,1,21,3,OO,5190,N579SW,PSP,LAX,1856,1848.0,-8.0,10.0,1858.0,54.0,68.0,26.0,110,1924.0,32.0,1950,1956.0,6.0,0,0,,,,,,
2015,1,22,4,OO,6442,N585SW,PSP,LAX,919,925.0,6.0,14.0,939.0,56.0,54.0,28.0,110,1007.0,12.0,1015,1019.0,4.0,0,0,,,,,,
2015,1,22,4,OO,6312,N568SW,PSP,LAX,1138,1134.0,-4.0,10.0,1144.0,56.0,64.0,29.0,110,1213.0,25.0,1234,1238.0,4.0,0,0,,,,,,
2015,1,22,4,OO,5618,N568SW,PSP,LAX,1440,1441.0,1.0,10.0,1451.0,54.0,61.0,30.0,110,1521.0,21.0,1534,1542.0,8.0,0,0,,,,,,
2015,1,22,4,OO,6302,N568SW,PSP,LAX,1726,1721.0,-5.0,13.0,1734.0,49.0,49.0,31.0,110,1805.0,5.0,1815,1810.0,-5.0,0,0,,,,,,
2015,1,22,4,OO,5190,N585SW,PSP,LAX,1856,1850.0,-6.0,10.0,1900.0,54.0,71.0,27.0,110,1927.0,34.0,1950,2001.0,11.0,0,0,,,,,,
2015,1,23,5,OO,6442,N298SW,PSP,LAX,919,917.0,-2.0,10.0,927.0,56.0,82.0,25.0,110,952.0,47.0,1015,1039.0,24.0,0,0,,24.0,0.0,0.0,0.0,0.0
2015,1,23,5,OO,6312,N563SW,PSP,LAX,1138,1135.0,-3.0,7.0,1142.0,56.0,56.0,26.0,110,1208.0,23.0,1234,1231.0,-3.0,0,0,,,,,,
2015,1,23,5,OO,5618,N563SW,PSP,LAX,1440,1440.0,0.0,7.0,1447.0,54.0,42.0,31.0,110,1518.0,4.0,1534,1522.0,-12.0,0,0,,,,,,
2015,1,23,5,OO,6302,N563SW,PSP,LAX,1726,1721.0,-5.0,16.0,1737.0,49.0,49.0,28.0,110,1805.0,5.0,1815,1810.0,-5.0,0,0,,,,,,
2015,1,23,5,OO,5190,N295SW,PSP,LAX,1856,1847.0,-9.0,11.0,1858.0,54.0,50.0,29.0,110,1927.0,10.0,1950,1937.0,-13.0,0,0,,,,,,
2015,1,24,6,OO,6442,N295SW,PSP,LAX,1019,1024.0,5.0,8.0,1032.0,56.0,37.0,24.0,110,1056.0,5.0,1115,1101.0,-14.0,0,0,,,,,,
2015,1,24,6,OO,6430,N752SK,PSP,LAX,1217,1220.0,3.0,11.0,1231.0,56.0,45.0,21.0,110,1252.0,13.0,1313,1305.0,-8.0,0,0,,,,,,
2015,1,24,6,OO,6429,N221SW,PSP,LAX,1512,1622.0,70.0,30.0,1652.0,54.0,58.0,24.0,110,1716.0,4.0,1606,1720.0,74.0,0,0,,4.0,0.0,70.0,0.0,0.0
2015,1,24,6,OO,6302,N709SK,PSP,LAX,1726,1726.0,0.0,40.0,1806.0,49.0,68.0,22.0,110,1828.0,6.0,1815,1834.0,19.0,0,0,,19.0,0.0,0.0,0.0,0.0
2015,1,24,6,OO,5190,N221SW,PSP,LAX,1856,1852.0,-4.0,13.0,1905.0,54.0,59.0,25.0,110,1930.0,21.0,1950,1951.0,1.0,0,0,,,,,,
2015,1,25,7,OO,6442,N584SW,PSP,LAX,919,939.0,20.0,10.0,949.0,56.0,40.0,25.0,110,1014.0,5.0,1015,1019.0,4.0,0,0,,,,,,
2015,1,25,7,OO,6312,N221SW,PSP,LAX,1048,1116.0,28.0,7.0,1123.0,56.0,43.0,25.0,110,1148.0,11.0,1144,1159.0,15.0,0,0,,0.0,0.0,0.0,15.0,0.0
2015,1,25,7,OO,5618,N295SW,PSP,LAX,1502,1457.0,-5.0,8.0,1505.0,54.0,42.0,25.0,110,1530.0,9.0,1556,1539.0,-17.0,0,0,,,,,,
2015,1,25,7,OO,6302,N563SW,PSP,LAX,1731,1734.0,3.0,8.0,1742.0,49.0,37.0,23.0,110,1805.0,6.0,1820,1811.0,-9.0,0,0,,,,,,
2015,1,25,7,OO,5190,N585SW,PSP,LAX,1903,1856.0,-7.0,16.0,1912.0,54.0,49.0,27.0,110,1939.0,6.0,1957,1945.0,-12.0,0,0,,,,,,
2015,1,26,1,OO,6442,N568SW,PSP,LAX,919,916.0,-3.0,13.0,929.0,56.0,74.0,28.0,110,957.0,33.0,1015,1030.0,15.0,0,0,,15.0,0.0,0.0,0.0,0.0
2015,1,26,1,OO,6312,N567SW,PSP,LAX,1138,1138.0,0.0,7.0,1145.0,56.0,47.0,27.0,110,1212.0,13.0,1234,1225.0,-9.0,0,0,,,,,,
2015,1,26,1,OO,5618,N567SW,PSP,LAX,1440,1447.0,7.0,15.0,1502.0,54.0,59.0,27.0,110,1529.0,17.0,1534,1546.0,12.0,0,0,,,,,,
2015,1,26,1,OO,6302,N567SW,PSP,LAX,1726,1740.0,14.0,13.0,1753.0,49.0,49.0,29.0,110,1822.0,7.0,1815,1829.0,14.0,0,0,,,,,,
2015,1,26,1,OO,5190,N584SW,PSP,LAX,1856,1849.0,-7.0,13.0,1902.0,54.0,80.0,29.0,110,1931.0,38.0,1950,2009.0,19.0,0,0,,19.0,0.0,0.0,0.0,0.0
2015,1,27,2,OO,6442,N292SW,PSP,LAX,919,913.0,-6.0,21.0,934.0,56.0,56.0,29.0,110,1003.0,6.0,1015,1009.0,-6.0,0,0,,,,,,
2015,1,27,2,OO,6312,N567SW,PSP,LAX,1138,1126.0,-12.0,13.0,1139.0,56.0,73.0,32.0,110,1211.0,28.0,1234,1239.0,5.0,0,0,,,,,,
2015,1,27,2,OO,5618,N567SW,PSP,LAX,1440,1431.0,-9.0,7.0,1438.0,54.0,78.0,27.0,110,1505.0,44.0,1534,1549.0,15.0,0,0,,15.0,0.0,0.0,0.0,0.0
2015,1,27,2,OO,6302,N567SW,PSP,LAX,1726,1724.0,-2.0,3.0,1727.0,49.0,45.0,26.0,110,1753.0,16.0,1815,1809.0,-6.0,0,0,,,,,,
2015,1,27,2,OO,5190,N234SW,PSP,LAX,1856,1847.0,-9.0,7.0,1854.0,54.0,82.0,27.0,110,1921.0,48.0,1950,2009.0,19.0,0,0,,19.0,0.0,0.0,0.0,0.0
2015,1,28,3,OO,6442,N563SW,PSP,LAX,919,941.0,22.0,10.0,951.0,56.0,43.0,25.0,110,1016.0,8.0,1015,1024.0,9.0,0,0,,,,,,
2015,1,28,3,OO,6312,N234SW,PSP,LAX,1138,1131.0,-7.0,10.0,1141.0,56.0,61.0,30.0,110,1211.0,21.0,1234,1232.0,-2.0,0,0,,,,,,
2015,1,28,3,OO,5618,N234SW,PSP,LAX,1440,1437.0,-3.0,6.0,1443.0,54.0,38.0,29.0,110,1512.0,3.0,1534,1515.0,-19.0,0,0,,,,,,
2015,1,28,3,OO,6302,N234SW,PSP,LAX,1726,1723.0,-3.0,4.0,1727.0,49.0,41.0,30.0,110,1757.0,7.0,1815,1804.0,-11.0,0,0,,,,,,
2015,1,28,3,OO,5190,N567SW,PSP,LAX,1856,1851.0,-5.0,5.0,1856.0,54.0,66.0,28.0,110,1924.0,33.0,1950,1957.0,7.0,0,0,,,,,,
2015,1,29,4,OO,6442,N585SW,PSP,LAX,919,914.0,-5.0,11.0,925.0,56.0,49.0,28.0,110,953.0,10.0,1015,1003.0,-12.0,0,0,,,,,,
2015,1,29,4,OO,6312,N569SW,PSP,LAX,1138,1135.0,-3.0,8.0,1143.0,56.0,66.0,30.0,110,1213.0,28.0,1234,1241.0,7.0,0,0,,,,,,
2015,1,29,4,OO,5618,N569SW,PSP,LAX,1440,1445.0,5.0,11.0,1456.0,54.0,46.0,29.0,110,1525.0,6.0,1534,1531.0,-3.0,0,0,,,,,,
2015,1,29,4,OO,6302,N569SW,PSP,LAX,1726,1724.0,-2.0,12.0,1736.0,49.0,50.0,30.0,110,1806.0,8.0,1815,1814.0,-1.0,0,0,,,,,,
2015,1,29,4,OO,5190,N585SW,PSP,LAX,1856,1850.0,-6.0,10.0,1900.0,54.0,72.0,31.0,110,1931.0,31.0,1950,2002.0,12.0,0,0,,,,,,
2015,1,30,5,OO,6442,N292SW,PSP,LAX,919,924.0,5.0,11.0,935.0,56.0,48.0,29.0,110,1004.0,8.0,1015,1012.0,-3.0,0,0,,,,,,
2015,1,30,5,OO,6312,N585SW,PSP,LAX,1138,1128.0,-10.0,10.0,1138.0,56.0,73.0,28.0,110,1206.0,35.0,1234,1241.0,7.0,0,0,,,,,,
2015,1,30,5,OO,5618,N585SW,PSP,LAX,1440,1500.0,20.0,13.0,1513.0,54.0,50.0,29.0,110,1542.0,8.0,1534,1550.0,16.0,0,0,,0.0,0.0,0.0,16.0,0.0
2015,1,30,5,OO,6302,N585SW,PSP,LAX,1726,1727.0,1.0,9.0,1736.0,49.0,43.0,30.0,110,1806.0,4.0,1815,1810.0,-5.0,0,0,,,,,,
2015,1,30,5,OO,5190,N295SW,PSP,LAX,1856,1855.0,-1.0,7.0,1902.0,54.0,40.0,29.0,110,1931.0,4.0,1950,1935.0,-15.0,0,0,,,,,,
2015,1,31,6,OO,6442,N295SW,PSP,LAX,1019,1038.0,19.0,21.0,1059.0,56.0,64.0,30.0,110,1129.0,13.0,1115,1142.0,27.0,0,0,,8.0,0.0,1.0,18.0,0.0
2015,1,31,6,OO,6430,N760SK,PSP,LAX,1217,1212.0,-5.0,12.0,1224.0,56.0,86.0,25.0,110,1249.0,49.0,1313,1338.0,25.0,0,0,,25.0,0.0,0.0,0.0,0.0
2015,1,31,6,OO,6429,N569SW,PSP,LAX,1512,1516.0,4.0,10.0,1526.0,54.0,51.0,26.0,110,1552.0,15.0,1606,1607.0,1.0,0,0,,,,,,
2015,1,31,6,OO,6302,N738SK,PSP,LAX,1726,1722.0,-4.0,11.0,1733.0,49.0,40.0,22.0,110,1755.0,7.0,1815,1802.0,-13.0,0,0,,,,,,
2015,1,31,6,OO,5190,N584SW,PSP,LAX,1856,1855.0,-1.0,10.0,1905.0,54.0,44.0,29.0,110,1934.0,5.0,1950,1939.0,-11.0,0,0,,,,,,
2015,2,1,7,OO,6442,N568SW,PSP,LAX,919,912.0,-7.0,9.0,921.0,56.0,49.0,28.0,110,949.0,12.0,1015,1001.0,-14.0,0,0,,,,,,
2015,2,1,7,OO,6312,N292SW,PSP,LAX,1048,1059.0,11.0,10.0,1109.0,56.0,41.0,26.0,110,1135.0,5.0,1144,1140.0,-4.0,0,0,,,,,,
2015,2,1,7,OO,5618,N568SW,PSP,LAX,1502,1507.0,5.0,10.0,1517.0,54.0,46.0,31.0,110,1548.0,5.0,1556,1553.0,-3.0,0,0,,,,,,
2015,2,1,7,OO,6302,N563SW,PSP,LAX,1731,1743.0,12.0,10.0,1753.0,49.0,39.0,25.0,110,1818.0,4.0,1820,1822.0,2.0,0,0,,,,,,
2015,2,1,7,OO,5190,N586SW,PSP,LAX,1903,1855.0,-8.0,15.0,1910.0,54.0,50.0,29.0,110,1939.0,6.0,1957,1945.0,-12.0,0,0,,,,,,
2015,2,2,1,OO,6442,N566SW,PSP,LAX,919,945.0,26.0,14.0,959.0,56.0,50.0,26.0,110,1025.0,10.0,1015,1035.0,20.0,0,0,,0.0,0.0,20.0,0.0,0.0
2015,2,2,1,OO,6312,N563SW,PSP,LAX,1138,1129.0,-9.0,17.0,1146.0,56.0,60.0,27.0,110,1213.0,16.0,1234,1229.0,-5.0,0,0,,,,,,
2015,2,2,1,OO,5618,N563SW,PSP,LAX,1440,1443.0,3.0,11.0,1454.0,54.0,45.0,30.0,110,1524.0,4.0,1534,1528.0,-6.0,0,0,,,,,,
2015,2,2,1,OO,6302,N563SW,PSP,LAX,1726,1721.0,-5.0,8.0,1729.0,49.0,52.0,31.0,110,1800.0,13.0,1815,1813.0,-2.0,0,0,,,,,,
2015,2,2,1,OO,5190,N568SW,PSP,LAX,1856,1851.0,-5.0,10.0,1901.0,54.0,44.0,26.0,110,1927.0,8.0,1950,1935.0,-15.0,0,0,,,,,,
2015,2,3,2,OO,6442,N586SW,PSP,LAX,919,910.0,-9.0,16.0,926.0,56.0,70.0,30.0,110,956.0,24.0,1015,1020.0,5.0,0,0,,,,,,
2015,2,3,2,OO,6312,N563SW,PSP,LAX,1138,1233.0,55.0,8.0,1241.0,56.0,45.0,25.0,110,1306.0,12.0,1234,1318.0,44.0,0,0,,0.0,0.0,0.0,44.0,0.0
2015,2,3,2,OO,5618,N563SW,PSP,LAX,1440,1507.0,27.0,9.0,1516.0,54.0,43.0,28.0,110,1544.0,6.0,1534,1550.0,16.0,0,0,,0.0,0.0,0.0,16.0,0.0
2015,2,3,2,OO,6302,N563SW,PSP,LAX,1726,1721.0,-5.0,9.0,1730.0,49.0,43.0,27.0,110,1757.0,7.0,1815,1804.0,-11.0,0,0,,,,,,
2015,2,3,2,OO,5190,N295SW,PSP,LAX,1856,1904.0,8.0,8.0,1912.0,54.0,52.0,32.0,110,1944.0,12.0,1950,1956.0,6.0,0,0,,,,,,
2015,2,4,3,OO,6442,N566SW,PSP,LAX,919,915.0,-4.0,12.0,927.0,56.0,55.0,32.0,110,959.0,11.0,1015,1010.0,-5.0,0,0,,,,,,
2015,2,4,3,OO,6312,N578SW,PSP,LAX,1138,1239.0,61.0,13.0,1252.0,56.0,47.0,29.0,110,1321.0,5.0,1234,1326.0,52.0,0,0,,0.0,0.0,0.0,52.0,0.0
2015,2,4,3,OO,5618,N578SW,PSP,LAX,1440,1516.0,36.0,12.0,1528.0,54.0,49.0,30.0,110,1558.0,7.0,1534,1605.0,31.0,0,0,,0.0,0.0,3.0,28.0,0.0
2015,2,4,3,OO,6302,N578SW,PSP,LAX,1726,1738.0,12.0,8.0,1746.0,49.0,43.0,30.0,110,1816.0,5.0,1815,1821.0,6.0,0,0,,,,,,
2015,2,4,3,OO,5190,N569SW,PSP,LAX,1856,1900.0,4.0,11.0,1911.0,54.0,44.0,29.0,110,1940.0,4.0,1950,1944.0,-6.0,0,0,,,,,,
2015,2,5,4,OO,6442,N562SW,PSP,LAX,919,1134.0,135.0,17.0,1151.0,56.0,55.0,27.0,110,1218.0,11.0,1015,1229.0,134.0,0,0,,134.0,0.0,0.0,0.0,0.0
2015,2,5,4,OO,6312,N578SW,PSP,LAX,1138,1150.0,12.0,18.0,1208.0,56.0,59.0,34.0,110,1242.0,7.0,1234,1249.0,15.0,0,0,,15.0,0.0,0.0,0.0,0.0
2015,2,5,4,OO,5618,N578SW,PSP,LAX,1440,1432.0,-8.0,23.0,1455.0,54.0,55.0,27.0,110,1522.0,5.0,1534,1527.0,-7.0,0,0,,,,,,
2015,2,5,4,OO,6302,N578SW,PSP,LAX,1726,1717.0,-9.0,4.0,1721.0,49.0,37.0,27.0,110,1748.0,6.0,1815,1754.0,-21.0,0,0,,,,,,
2015,2,5,4,OO,5190,N290SW,PSP,LAX,1856,1850.0,-6.0,10.0,1900.0,54.0,44.0,24.0,110,1924.0,10.0,1950,1934.0,-16.0,0,0,,,,,,
2015,2,6,5,OO,6442,N568SW,PSP,LAX,919,909.0,-10.0,8.0,917.0,56.0,50.0,26.0,110,943.0,16.0,1015,959.0,-16.0,0,0,,,,,,
2015,2,6,5,OO,6312,N580SW,PSP,LAX,1138,1234.0,56.0,11.0,1245.0,56.0,48.0,31.0,110,1316.0,6.0,1234,1322.0,48.0,0,0,,0.0,0.0,0.0,48.0,0.0
2015,2,6,5,OO,5618,N580SW,PSP,LAX,1440,1500.0,20.0,7.0,1507.0,54.0,41.0,27.0,110,1534.0,7.0,1534,1541.0,7.0,0,0,,,,,,
2015,2,6,5,OO,6302,N291SW,PSP,LAX,1726,1826.0,60.0,8.0,1834.0,49.0,46.0,28.0,110,1902.0,10.0,1815,1912.0,57.0,0,0,,0.0,0.0,0.0,57.0,0.0
2015,2,6,5,OO,5190,N579SW,PSP,LAX,1856,1848.0,-8.0,12.0,1900.0,54.0,80.0,31.0,110,1931.0,37.0,1950,2008.0,18.0,0,0,,18.0,0.0,0.0,0.0,0.0
2015,2,7,6,OO,6442,N291SW,PSP,LAX,1019,1017.0,-2.0,28.0,1045.0,56.0,87.0,52.0,110,1137.0,7.0,1115,1144.0,29.0,0,0,,29.0,0.0,0.0,0.0,0.0
2015,2,7,6,OO,6430,N742SK,PSP,LAX,1217,1210.0,-7.0,19.0,1229.0,56.0,54.0,25.0,110,1254.0,10.0,1313,1304.0,-9.0,0,0,,,,,,
2015,2,7,6,OO,5618,N562SW,PSP,LAX,1512,1534.0,22.0,9.0,1543.0,54.0,44.0,29.0,110,1612.0,6.0,1606,1618.0,12.0,0,0,,,,,,
2015,2,7,6,OO,6302,N748SK,PSP,LAX,1726,1719.0,-7.0,14.0,1733.0,49.0,55.0,26.0,110,1759.0,15.0,1815,1814.0,-1.0,0,0,,,,,,
2015,2,7,6,OO,5190,N562SW,PSP,LAX,1856,1849.0,-7.0,9.0,1858.0,54.0,72.0,27.0,110,1925.0,36.0,1950,2001.0,11.0,0,0,,,,,,
2015,2,8,7,OO,6442,N295SW,PSP,LAX,919,912.0,-7.0,11.0,923.0,56.0,51.0,27.0,110,950.0,13.0,1015,1003.0,-12.0,0,0,,,,,,
2015,2,8,7,OO,6312,N562SW,PSP,LAX,1048,1043.0,-5.0,31.0,1114.0,56.0,71.0,28.0,110,1142.0,12.0,1144,1154.0,10.0,0,0,,,,,,
2015,2,8,7,OO,5618,N582SW,PSP,LAX,1502,1619.0,77.0,11.0,1630.0,54.0,44.0,28.0,110,1658.0,5.0,1556,1703.0,67.0,0,0,,0.0,0.0,0.0,67.0,0.0
2015,2,8,7,OO,6302,N585SW,PSP,LAX,1731,1729.0,-2.0,10.0,1739.0,49.0,44.0,28.0,110,1807.0,6.0,1820,1813.0,-7.0,0,0,,,,,,
2015,2,8,7,OO,5190,N290SW,PSP,LAX,1903,1910.0,7.0,11.0,1921.0,54.0,59.0,31.0,110,1952.0,17.0,1957,2009.0,12.0,0,0,,,,,,
2015,2,9,1,OO,6442,N563SW,PSP,LAX,919,919.0,0.0,15.0,934.0,56.0,56.0,32.0,110,1006.0,9.0,1015,1015.0,0.0,0,0,,,,,,
2015,2,9,1,OO,6312,N582SW,PSP,LAX,1138,1132.0,-6.0,12.0,1144.0,56.0,59.0,28.0,110,1212.0,19.0,1234,1231.0,-3.0,0,0,,,,,,
2015,2,9,1,OO,5618,N582SW,PSP,LAX,1440,1439.0,-1.0,6.0,1445.0,54.0,65.0,34.0,110,1519.0,25.0,1534,1544.0,10.0,0,0,,,,,,
2015,2,9,1,OO,6302,N582SW,PSP,LAX,1726,1735.0,9.0,6.0,1741.0,49.0,49.0,32.0,110,1813.0,11.0,1815,1824.0,9.0,0,0,,,,,,
2015,2,9,1,OO,5190,N561SW,PSP,LAX,1856,1851.0,-5.0,5.0,1856.0,54.0,41.0,30.0,110,1926.0,6.0,1950,1932.0,-18.0,0,0,,,,,,
2015,2,10,2,OO,6442,N560SW,PSP,LAX,919,916.0,-3.0,15.0,931.0,56.0,55.0,29.0,110,1000.0,11.0,1015,1011.0,-4.0,0,0,,,,,,
2015,2,10,2,OO,6312,N295SW,PSP,LAX,1138,1148.0,10.0,11.0,1159.0,56.0,44.0,25.0,110,1224.0,8.0,1234,1232.0,-2.0,0,0,,,,,,
2015,2,10,2,OO,5618,N295SW,PSP,LAX,1440,1436.0,-4.0,12.0,1448.0,54.0,66.0,30.0,110,1518.0,24.0,1534,1542.0,8.0,0,0,,,,,,
2015,2,10,2,OO,6302,N295SW,PSP,LAX,1726,1723.0,-3.0,15.0,1738.0,49.0,50.0,31.0,110,1809.0,4.0,1815,1813.0,-2.0,0,0,,,,,,
2015,2,10,2,OO,5190,N290SW,PSP,LAX,1856,1851.0,-5.0,15.0,1906.0,54.0,47.0,27.0,110,1933.0,5.0,1950,1938.0,-12.0,0,0,,,,,,
2015,2,11,3,OO,6442,N224SW,PSP,LAX,919,915.0,-4.0,18.0,933.0,56.0,52.0,28.0,110,1001.0,6.0,1015,1007.0,-8.0,0,0,,,,,,
2015,2,11,3,OO,6312,N295SW,PSP,LAX,1138,1131.0,-7.0,14.0,1145.0,56.0,67.0,29.0,110,1214.0,24.0,1234,1238.0,4.0,0,0,,,,,,
2015,2,11,3,OO,5618,N295SW,PSP,LAX,1440,1437.0,-3.0,8.0,1445.0,54.0,43.0,28.0,110,1513.0,7.0,1534,1520.0,-14.0,0,0,,,,,,
2015,2,11,3,OO,6302,N295SW,PSP,LAX,1726,1724.0,-2.0,8.0,1732.0,49.0,53.0,28.0,110,1800.0,17.0,1815,1817.0,2.0,0,0,,,,,,
2015,2,11,3,OO,5190,N563SW,PSP,LAX,1856,1929.0,33.0,6.0,1935.0,54.0,42.0,28.0,110,2003.0,8.0,1950,2011.0,21.0,0,0,,0.0,0.0,21.0,0.0,0.0
2015,2,12,4,OO,6442,N221SW,PSP,LAX,919,916.0,-3.0,13.0,929.0,51.0,53.0,30.0,110,959.0,10.0,1010,1009.0,-1.0,0,0,,,,,,
2015,2,12,4,OO,6312,N295SW,PSP,LAX,1131,1134.0,3.0,15.0,1149.0,59.0,51.0,32.0,110,1221.0,4.0,1230,1225.0,-5.0,0,0,,,,,,
2015,2,12,4,OO,6353,N295SW,PSP,LAX,1442,1436.0,-6.0,12.0,1448.0,52.0,64.0,29.0,110,1517.0,23.0,1534,1540.0,6.0,0,0,,,,,,
2015,2,12,4,OO,6302,N295SW,PSP,LAX,1724,1744.0,20.0,8.0,1752.0,52.0,42.0,27.0,110,1819.0,7.0,1816,1826.0,10.0,0,0,,,,,,
2015,2,12,4,OO,6307,N584SW,PSP,LAX,1857,1849.0,-8.0,9.0,1858.0,53.0,47.0,28.0,110,1926.0,10.0,1950,1936.0,-14.0,0,0,,,,,,
2015,2,13,5,OO,6442,N569SW,PSP,LAX,919,913.0,-6.0,17.0,930.0,51.0,50.0,26.0,110,956.0,7.0,1010,1003.0,-7.0,0,0,,,,,,
2015,2,13,5,OO,6312,N291SW,PSP,LAX,1131,1219.0,48.0,9.0,1228.0,59.0,48.0,23.0,110,1251.0,16.0,1230,1307.0,37.0,0,0,,0.0,0.0,37.0,0.0,0.0
2015,2,13,5,OO,5618,N291SW,PSP,LAX,1442,1446.0,4.0,17.0,1503.0,52.0,51.0,25.0,110,1528.0,9.0,1534,1537.0,3.0,0,0,,,,,,
2015,2,13,5,OO,6302,N291SW,PSP,LAX,1724,1751.0,27.0,15.0,1806.0,52.0,59.0,31.0,110,1837.0,13.0,1816,1850.0,34.0,0,0,,7.0,0.0,0.0,27.0,0.0
2015,2,13,5,OO,6307,N569SW,PSP,LAX,1857,1850.0,-7.0,10.0,1900.0,53.0,66.0,26.0,110,1926.0,30.0,1950,1956.0,6.0,0,0,,,,,,
2015,2,14,6,OO,6429,N472CA,PSP,LAX,600,555.0,-5.0,22.0,617.0,59.0,53.0,25.0,110,642.0,6.0,659,648.0,-11.0,0,0,,,,,,
2015,2,14,6,OO,6442,N980SW,PSP,LAX,1144,1222.0,38.0,7.0,1229.0,58.0,37.0,21.0,110,1250.0,9.0,1242,1259.0,17.0,0,0,,0.0,0.0,0.0,17.0,0.0
2015,2,14,6,OO,6302,N910SW,PSP,LAX,1724,1716.0,-8.0,11.0,1727.0,52.0,47.0,25.0,110,1752.0,11.0,1816,1803.0,-13.0,0,0,,,,,,
2015,2,14,6,OO,6307,N584SW,PSP,LAX,1857,1850.0,-7.0,7.0,1857.0,53.0,41.0,28.0,110,1925.0,6.0,1950,1931.0,-19.0,0,0,,,,,,
2015,2,15,7,OO,6442,N969SW,PSP,LAX,830,840.0,10.0,7.0,847.0,51.0,35.0,22.0,110,909.0,6.0,921,915.0,-6.0,0,0,,,,,,
2015,2,15,7,OO,6312,N585SW,PSP,LAX,1145,1146.0,1.0,18.0,1204.0,59.0,52.0,27.0,110,1231.0,7.0,1244,1238.0,-6.0,0,0,,,,,,
2015,2,15,7,OO,6353,N580SW,PSP,LAX,1442,1449.0,7.0,12.0,1501.0,52.0,41.0,25.0,110,1526.0,4.0,1534,1530.0,-4.0,0,0,,,,,,
2015,2,15,7,OO,6302,N580SW,PSP,LAX,1724,1719.0,-5.0,11.0,1730.0,52.0,41.0,25.0,110,1755.0,5.0,1816,1800.0,-16.0,0,0,,,,,,
2015,2,15,7,OO,6307,N585SW,PSP,LAX,1857,1850.0,-7.0,21.0,1911.0,53.0,57.0,29.0,110,1940.0,7.0,1950,1947.0,-3.0,0,0,,,,,,
2015,2,16,1,OO,6442,N561SW,PSP,LAX,919,924.0,5.0,9.0,933.0,51.0,46.0,29.0,110,1002.0,8.0,1010,1010.0,0.0,0,0,,,,,,
2015,2,16,1,OO,6312,N579SW,PSP,LAX,1131,1241.0,70.0,5.0,1246.0,59.0,52.0,27.0,110,1313.0,20.0,1230,1333.0,63.0,0,0,,0.0,0.0,7.0,56.0,0.0
2015,2,16,1,OO,6353,N237SW,PSP,LAX,1442,1553.0,71.0,16.0,1609.0,52.0,53.0,30.0,110,1639.0,7.0,1534,1646.0,72.0,0,0,,1.0,0.0,12.0,59.0,0.0
2015,2,16,1,OO,6302,N237SW,PSP,LAX,1724,1829.0,65.0,8.0,1837.0,52.0,44.0,29.0,110,1906.0,7.0,1816,1913.0,57.0,0,0,,0.0,0.0,0.0,57.0,0.0
2015,2,16,1,OO,6307,N579SW,PSP,LAX,1857,1854.0,-3.0,9.0,1903.0,53.0,60.0,26.0,110,1929.0,25.0,1950,1954.0,4.0,0,0,,,,,,
2015,2,17,2,OO,6442,N560SW,PSP,LAX,919,916.0,-3.0,15.0,931.0,51.0,58.0,28.0,110,959.0,15.0,1010,1014.0,4.0,0,0,,,,,,
2015,2,17,2,OO,6312,N237SW,PSP,LAX,1131,1141.0,10.0,19.0,1200.0,59.0,69.0,30.0,110,1230.0,20.0,1230,1250.0,20.0,0,0,,10.0,0.0,8.0,2.0,0.0
2015,2,17,2,OO,5618,N237SW,PSP,LAX,1442,1445.0,3.0,7.0,1452.0,52.0,42.0,30.0,110,1522.0,5.0,1534,1527.0,-7.0,0,0,,,,,,
2015,2,17,2,OO,6302,N237SW,PSP,LAX,1724,1720.0,-4.0,10.0,1730.0,52.0,44.0,27.0,110,1757.0,7.0,1816,1804.0,-12.0,0,0,,,,,,
2015,2,17,2,OO,6307,N560SW,PSP,LAX,1857,1848.0,-9.0,8.0,1856.0,53.0,45.0,28.0,110,1924.0,9.0,1950,1933.0,-17.0,0,0,,,,,,
2015,2,18,3,OO,6442,N569SW,PSP,LAX,919,912.0,-7.0,9.0,921.0,51.0,65.0,29.0,110,950.0,27.0,1010,1017.0,7.0,0,0,,,,,,
2015,2,18,3,OO,6312,N580SW,PSP,LAX,1131,1126.0,-5.0,12.0,1138.0,59.0,46.0,28.0,110,1206.0,6.0,1230,1212.0,-18.0,0,0,,,,,,
2015,2,18,3,OO,5618,N580SW,PSP,LAX,1442,1436.0,-6.0,16.0,1452.0,52.0,65.0,30.0,110,1522.0,19.0,1534,1541.0,7.0,0,0,,,,,,
2015,2,18,3,OO,6302,N580SW,PSP,LAX,1724,1714.0,-10.0,16.0,1730.0,52.0,50.0,32.0,110,1802.0,2.0,1816,1804.0,-12.0,0,0,,,,,,
2015,2,18,3,OO,6307,N567SW,PSP,LAX,1857,1920.0,23.0,27.0,1947.0,53.0,68.0,28.0,110,2015.0,13.0,1950,2028.0,38.0,0,0,,15.0,0.0,0.0,23.0,0.0
2015,2,19,4,OO,6442,N579SW,PSP,LAX,919,1130.0,131.0,13.0,1143.0,51.0,47.0,26.0,110,1209.0,8.0,1010,1217.0,127.0,0,0,,0.0,0.0,127.0,0.0,0.0
2015,2,19,4,OO,6312,N567SW,PSP,LAX,1131,1150.0,19.0,14.0,1204.0,59.0,47.0,29.0,110,1233.0,4.0,1230,1237.0,7.0,0,0,,,,,,
2015,2,19,4,OO,6353,N567SW,PSP,LAX,1442,1439.0,-3.0,11.0,1450.0,52.0,51.0,33.0,110,1523.0,7.0,1534,1530.0,-4.0,0,0,,,,,,
2015,2,19,4,OO,6302,N567SW,PSP,LAX,1724,1718.0,-6.0,10.0,1728.0,52.0,58.0,32.0,110,1800.0,16.0,1816,1816.0,0.0,0,0,,,,,,
2015,2,19,4,OO,6307,N579SW,PSP,LAX,1857,1847.0,-10.0,10.0,1857.0,53.0,47.0,30.0,110,1927.0,7.0,1950,1934.0,-16.0,0,0,,,,,,
2015,2,20,5,OO,6442,N237SW,PSP,LAX,919,915.0,-4.0,23.0,938.0,51.0,71.0,27.0,110,1005.0,21.0,1010,1026.0,16.0,0,0,,16.0,0.0,0.0,0.0,0.0
2015,2,20,5,OO,6312,N567SW,PSP,LAX,1131,1132.0,1.0,20.0,1152.0,59.0,58.0,27.0,110,1219.0,11.0,1230,1230.0,0.0,0,0,,,,,,
2015,2,20,5,OO,5618,N567SW,PSP,LAX,1442,1449.0,7.0,14.0,1503.0,52.0,49.0,29.0,110,1532.0,6.0,1534,1538.0,4.0,0,0,,,,,,
2015,2,20,5,OO,6302,N567SW,PSP,LAX,1724,1716.0,-8.0,8.0,1724.0,52.0,44.0,31.0,110,1755.0,5.0,1816,1800.0,-16.0,0,0,,,,,,
2015,2,20,5,OO,6307,N291SW,PSP,LAX,1857,1849.0,-8.0,14.0,1903.0,53.0,45.0,25.0,110,1928.0,6.0,1950,1934.0,-16.0,0,0,,,,,,
2015,2,21,6,OO,6429,N945SW,PSP,LAX,600,604.0,4.0,16.0,620.0,59.0,49.0,25.0,110,645.0,8.0,659,653.0,-6.0,0,0,,,,,,
2015,2,21,6,OO,6442,N969SW,PSP,LAX,1144,1138.0,-6.0,31.0,1209.0,58.0,65.0,29.0,110,1238.0,5.0,1242,1243.0,1.0,0,0,,,,,,
2015,2,21,6,OO,6302,N919SW,PSP,LAX,1724,1720.0,-4.0,14.0,1734.0,52.0,46.0,26.0,110,1800.0,6.0,1816,1806.0,-10.0,0,0,,,,,,
2015,2,21,6,OO,6307,N563SW,PSP,LAX,1857,1903.0,6.0,11.0,1914.0,53.0,66.0,28.0,110,1942.0,27.0,1950,2009.0,19.0,0,0,,13.0,0.0,0.0,6.0,0.0
2015,2,22,7,OO,6442,N928EV,PSP,LAX,830,826.0,-4.0,12.0,838.0,51.0,50.0,28.0,110,906.0,10.0,921,916.0,-5.0,0,0,,,,,,
2015,2,22,7,OO,6312,N586SW,PSP,LAX,1145,1140.0,-5.0,11.0,1151.0,59.0,52.0,33.0,110,1224.0,8.0,1244,1232.0,-12.0,0,0,,,,,,
2015,2,22,7,OO,6353,N586SW,PSP,LAX,1442,1439.0,-3.0,35.0,1514.0,52.0,78.0,33.0,110,1547.0,10.0,1534,1557.0,23.0,0,0,,23.0,0.0,0.0,0.0,0.0
2015,2,22,7,OO,6302,N586SW,PSP,LAX,1724,1748.0,24.0,7.0,1755.0,52.0,42.0,31.0,110,1826.0,4.0,1816,1830.0,14.0,0,0,,,,,,
2015,2,22,7,OO,6307,N582SW,PSP,LAX,1857,1909.0,12.0,55.0,2004.0,53.0,132.0,34.0,110,2038.0,43.0,1950,2121.0,91.0,0,0,,79.0,0.0,0.0,12.0,0.0
2015,2,23,1,OO,6442,N561SW,PSP,LAX,919,918.0,-1.0,17.0,935.0,51.0,66.0,34.0,110,1009.0,15.0,1010,1024.0,14.0,0,0,,,,,,
2015,2,23,1,OO,6312,N586SW,PSP,LAX,1131,1133.0,2.0,20.0,1153.0,59.0,54.0,28.0,110,1221.0,6.0,1230,1227.0,-3.0,0,0,,,,,,
2015,2,23,1,OO,6353,N586SW,PSP,LAX,1442,1448.0,6.0,22.0,1510.0,52.0,61.0,33.0,110,1543.0,6.0,1534,1549.0,15.0,0,0,,9.0,0.0,1.0,5.0,0.0
2015,2,23,1,OO,6302,N586SW,PSP,LAX,1724,1723.0,-1.0,20.0,1743.0,52.0,77.0,31.0,110,1814.0,26.0,1816,1840.0,24.0,0,0,,24.0,0.0,0.0,0.0,0.0
2015,2,23,1,OO,6307,N561SW,PSP,LAX,1857,1858.0,1.0,9.0,1907.0,53.0,45.0,30.0,110,1937.0,6.0,1950,1943.0,-7.0,0,0,,,,,,
2015,2,24,2,OO,6442,N585SW,PSP,LAX,919,917.0,-2.0,8.0,925.0,51.0,55.0,29.0,110,954.0,18.0,1010,1012.0,2.0,0,0,,,,,,
2015,2,24,2,OO,6312,N569SW,PSP,LAX,1131,1129.0,-2.0,14.0,1143.0,59.0,51.0,29.0,110,1212.0,8.0,1230,1220.0,-10.0,0,0,,,,,,
2015,2,24,2,OO,5618,N569SW,PSP,LAX,1442,1446.0,4.0,8.0,1454.0,52.0,48.0,27.0,110,1521.0,13.0,1534,1534.0,0.0,0,0,,,,,,
2015,2,24,2,OO,6302,N569SW,PSP,LAX,1724,1716.0,-8.0,8.0,1724.0,52.0,37.0,25.0,110,1749.0,4.0,1816,1753.0,-23.0,0,0,,,,,,
2015,2,24,2,OO,6307,N291SW,PSP,LAX,1857,1846.0,-11.0,6.0,1852.0,53.0,45.0,29.0,110,1921.0,10.0,1950,1931.0,-19.0,0,0,,,,,,
2015,2,25,3,OO,6442,N564SW,PSP,LAX,919,918.0,-1.0,12.0,930.0,51.0,52.0,30.0,110,1000.0,10.0,1010,1010.0,0.0,0,0,,,,,,
2015,2,25,3,OO,6312,N586SW,PSP,LAX,1131,1134.0,3.0,9.0,1143.0,59.0,48.0,27.0,110,1210.0,12.0,1230,1222.0,-8.0,0,0,,,,,,
2015,2,25,3,OO,5618,N586SW,PSP,LAX,1442,1434.0,-8.0,6.0,1440.0,52.0,41.0,30.0,110,1510.0,5.0,1534,1515.0,-19.0,0,0,,,,,,
2015,2,25,3,OO,6302,N586SW,PSP,LAX,1724,1716.0,-8.0,11.0,1727.0,52.0,54.0,29.0,110,1756.0,14.0,1816,1810.0,-6.0,0,0,,,,,,
2015,2,25,3,OO,6307,N582SW,PSP,LAX,1857,1852.0,-5.0,8.0,1900.0,53.0,42.0,28.0,110,1928.0,6.0,1950,1934.0,-16.0,0,0,,,,,,
2015,2,26,4,OO,6442,N295SW,PSP,LAX,919,919.0,0.0,14.0,933.0,51.0,60.0,30.0,110,1003.0,16.0,1010,1019.0,9.0,0,0,,,,,,
2015,2,26,4,OO,6312,N291SW,PSP,LAX,1131,1122.0,-9.0,11.0,1133.0,59.0,41.0,27.0,110,1200.0,3.0,1230,1203.0,-27.0,0,0,,,,,,
2015,2,26,4,OO,6353,N291SW,PSP,LAX,1442,1433.0,-9.0,8.0,1441.0,52.0,62.0,27.0,110,1508.0,27.0,1534,1535.0,1.0,0,0,,,,,,
2015,2,26,4,OO,6302,N291SW,PSP,LAX,1724,1716.0,-8.0,8.0,1724.0,52.0,46.0,30.0,110,1754.0,8.0,1816,1802.0,-14.0,0,0,,,,,,
2015,2,26,4,OO,6307,N295SW,PSP,LAX,1857,1842.0,-15.0,3.0,1845.0,53.0,39.0,27.0,110,1912.0,9.0,1950,1921.0,-29.0,0,0,,,,,,
2015,2,27,5,OO,6442,N234SW,PSP,LAX,919,917.0,-2.0,7.0,924.0,51.0,45.0,34.0,110,958.0,4.0,1010,1002.0,-8.0,0,0,,,,,,
2015,2,27,5,OO,6312,N563SW,PSP,LAX,1131,1235.0,64.0,8.0,1243.0,59.0,45.0,28.0,110,1311.0,9.0,1230,1320.0,50.0,0,0,,0.0,0.0,0.0,50.0,0.0
2015,2,27,5,OO,5618,N563SW,PSP,LAX,1442,1452.0,10.0,14.0,1506.0,52.0,51.0,33.0,110,1539.0,4.0,1534,1543.0,9.0,0,0,,,,,,
2015,2,27,5,OO,6302,N291SW,PSP,LAX,1724,1755.0,31.0,10.0,1805.0,52.0,46.0,32.0,110,1837.0,4.0,1816,1841.0,25.0,0,0,,0.0,0.0,25.0,0.0,0.0
2015,2,27,5,OO,6307,N234SW,PSP,LAX,1857,1850.0,-7.0,19.0,1909.0,53.0,59.0,31.0,110,1940.0,9.0,1950,1949.0,-1.0,0,0,,,,,,
2015,2,28,6,OO,6429,N930SW,PSP,LAX,600,556.0,-4.0,29.0,625.0,59.0,69.0,26.0,110,651.0,14.0,659,705.0,6.0,0,0,,,,,,
2015,2,28,6,OO,6442,N495CA,PSP,LAX,1144,1230.0,46.0,20.0,1250.0,58.0,54.0,28.0,110,1318.0,6.0,1242,1324.0,42.0,0,0,,0.0,0.0,15.0,27.0,0.0
2015,2,28,6,OO,6302,N941SW,PSP,LAX,1724,1717.0,-7.0,11.0,1728.0,52.0,47.0,25.0,110,1753.0,11.0,1816,1804.0,-12.0,0,0,,,,,,
2015,2,28,6,OO,6307,N560SW,PSP,LAX,1857,1852.0,-5.0,10.0,1902.0,53.0,72.0,27.0,110,1929.0,35.0,1950,2004.0,14.0,0,0,,,,,,
2015,3,1,7,OO,6442,N980SW,PSP,LAX,830,825.0,-5.0,28.0,853.0,51.0,68.0,25.0,110,918.0,15.0,921,933.0,12.0,0,0,,,,,,
2015,3,1,7,OO,6312,N579SW,PSP,LAX,1145,1330.0,105.0,5.0,1335.0,59.0,48.0,33.0,110,1408.0,10.0,1244,1418.0,94.0,0,0,,0.0,0.0,94.0,0.0,0.0
2015,3,1,7,OO,6353,N579SW,PSP,LAX,1442,1611.0,89.0,9.0,1620.0,52.0,50.0,32.0,110,1652.0,9.0,1534,1701.0,87.0,0,0,,0.0,0.0,0.0,87.0,0.0
2015,3,1,7,OO,6302,N582SW,PSP,LAX,1724,1715.0,-9.0,46.0,1801.0,52.0,91.0,37.0,110,1838.0,8.0,1816,1846.0,30.0,0,0,,30.0,0.0,0.0,0.0,0.0
2015,3,1,7,OO,6307,N234SW,PSP,LAX,1857,1851.0,-6.0,75.0,2006.0,53.0,111.0,32.0,110,2038.0,4.0,1950,2042.0,52.0,0,0,,52.0,0.0,0.0,0.0,0.0
2015,3,2,1,OO,6442,N576SW,PSP,LAX,919,921.0,2.0,8.0,929.0,51.0,81.0,31.0,110,1000.0,42.0,1010,1042.0,32.0,0,0,,30.0,0.0,2.0,0.0,0.0
2015,3,2,1,OO,6312,N291SW,PSP,LAX,1131,1146.0,15.0,30.0,1216.0,59.0,71.0,32.0,110,1248.0,9.0,1230,1257.0,27.0,0,0,,12.0,0.0,0.0,15.0,0.0
2015,3,2,1,OO,6353,N291SW,PSP,LAX,1442,1450.0,8.0,11.0,1501.0,52.0,54.0,33.0,110,1534.0,10.0,1534,1544.0,10.0,0,0,,,,,,
2015,3,2,1,OO,6302,N291SW,PSP,LAX,1724,1728.0,4.0,20.0,1748.0,52.0,61.0,27.0,110,1815.0,14.0,1816,1829.0,13.0,0,0,,,,,,
2015,3,2,1,OO,6307,N568SW,PSP,LAX,1857,1854.0,-3.0,8.0,1902.0,53.0,62.0,30.0,110,1932.0,24.0,1950,1956.0,6.0,0,0,,,,,,
2015,3,3,2,OO,6442,N579SW,PSP,LAX,919,917.0,-2.0,16.0,933.0,51.0,56.0,32.0,110,1005.0,8.0,1010,1013.0,3.0,0,0,,,,,,
2015,3,3,2,OO,6312,N221SW,PSP,LAX,1131,1123.0,-8.0,12.0,1135.0,59.0,62.0,27.0,110,1202.0,23.0,1230,1225.0,-5.0,0,0,,,,,,
2015,3,3,2,OO,5618,N221SW,PSP,LAX,1442,1439.0,-3.0,7.0,1446.0,52.0,41.0,31.0,110,1517.0,3.0,1534,1520.0,-14.0,0,0,,,,,,
2015,3,3,2,OO,6302,N568SW,PSP,LAX,1724,1736.0,12.0,7.0,1743.0,52.0,48.0,30.0,110,1813.0,11.0,1816,1824.0,8.0,0,0,,,,,,
2015,3,3,2,OO,6307,N579SW,PSP,LAX,1857,1850.0,-7.0,10.0,1900.0,53.0,47.0,34.0,110,1934.0,3.0,1950,1937.0,-13.0,0,0,,,,,,
2015,3,4,3,OO,6442,N582SW,PSP,LAX,919,913.0,-6.0,10.0,923.0,51.0,63.0,25.0,110,948.0,28.0,1010,1016.0,6.0,0,0,,,,,,
2015,3,4,3,OO,6312,N568SW,PSP,LAX,1131,1131.0,0.0,14.0,1145.0,59.0,49.0,27.0,110,1212.0,8.0,1230,1220.0,-10.0,0,0,,,,,,
2015,3,4,3,OO,5618,N568SW,PSP,LAX,1442,1437.0,-5.0,12.0,1449.0,52.0,44.0,25.0,110,1514.0,7.0,1534,1521.0,-13.0,0,0,,,,,,
2015,3,4,3,OO,6302,N568SW,PSP,LAX,1724,1722.0,-2.0,9.0,1731.0,52.0,53.0,28.0,110,1759.0,16.0,1816,1815.0,-1.0,0,0,,,,,,
2015,3,4,3,OO,6307,N576SW,PSP,LAX,1857,1855.0,-2.0,7.0,1902.0,53.0,74.0,29.0,110,1931.0,38.0,1950,2009.0,19.0,0,0,,19.0,0.0,0.0,0.0,0.0
2015,3,5,4,OO,6442,N563SW,PSP,LAX,925,916.0,-9.0,15.0,931.0,54.0,66.0,26.0,110,957.0,25.0,1019,1022.0,3.0,0,0,,,,,,
2015,3,5,4,OO,6312,N576SW,PSP,LAX,1139,1134.0,-5.0,10.0,1144.0,59.0,44.0,26.0,110,1210.0,8.0,1238,1218.0,-20.0,0,0,,,,,,
2015,3,5,4,OO,5610,N563SW,PSP,LAX,1545,1536.0,-9.0,9.0,1545.0,54.0,44.0,22.0,110,1607.0,13.0,1639,1620.0,-19.0,0,0,,,,,,
2015,3,5,4,OO,5242,N563SW,PSP,LAX,1910,1904.0,-6.0,10.0,1914.0,54.0,44.0,27.0,110,1941.0,7.0,2004,1948.0,-16.0,0,0,,,,,,
2015,3,6,5,OO,6442,N580SW,PSP,LAX,925,917.0,-8.0,10.0,927.0,54.0,40.0,27.0,110,954.0,3.0,1019,957.0,-22.0,0,0,,,,,,
2015,3,6,5,OO,6312,N568SW,PSP,LAX,1139,1143.0,4.0,9.0,1152.0,59.0,37.0,26.0,110,1218.0,2.0,1238,1220.0,-18.0,0,0,,,,,,
2015,3,6,5,OO,5618,N580SW,PSP,LAX,1545,1551.0,6.0,11.0,1602.0,54.0,42.0,28.0,110,1630.0,3.0,1639,1633.0,-6.0,0,0,,,,,,
2015,3,6,5,OO,5242,N580SW,PSP,LAX,1910,1920.0,10.0,7.0,1927.0,54.0,52.0,27.0,110,1954.0,18.0,2004,2012.0,8.0,0,0,,,,,,
2015,3,7,6,OO,6429,N773SK,PSP,LAX,540,544.0,4.0,14.0,558.0,59.0,53.0,30.0,110,628.0,9.0,639,637.0,-2.0,0,0,,,,,,
2015,3,7,6,OO,6246,N566SW,PSP,LAX,1152,1142.0,-10.0,14.0,1156.0,59.0,58.0,32.0,110,1228.0,12.0,1251,1240.0,-11.0,0,0,,,,,,
2015,3,7,6,OO,6312,N576SW,PSP,LAX,1543,1535.0,-8.0,29.0,1604.0,54.0,65.0,29.0,110,1633.0,7.0,1637,1640.0,3.0,0,0,,,,,,
2015,3,7,6,OO,6430,N580SW,PSP,LAX,1935,1929.0,-6.0,8.0,1937.0,54.0,38.0,28.0,110,2005.0,2.0,2029,2007.0,-22.0,0,0,,,,,,
2015,3,8,7,OO,6442,N578SW,PSP,LAX,925,923.0,-2.0,14.0,937.0,54.0,49.0,30.0,110,1007.0,5.0,1019,1012.0,-7.0,0,0,,,,,,
2015,3,8,7,OO,6312,N580SW,PSP,LAX,1139,1130.0,-9.0,55.0,1225.0,59.0,84.0,26.0,110,1251.0,3.0,1238,1254.0,16.0,0,0,,16.0,0.0,0.0,0.0,0.0
2015,3,8,7,OO,5610,N578SW,PSP,LAX,1545,1559.0,14.0,10.0,1609.0,54.0,46.0,29.0,110,1638.0,7.0,1639,1645.0,6.0,0,0,,,,,,
2015,3,8,7,OO,6330,N578SW,PSP,LAX,1910,2123.0,133.0,17.0,2140.0,54.0,92.0,29.0,110,2209.0,46.0,2004,2255.0,171.0,0,0,,171.0,0.0,0.0,0.0,0.0
2015,3,9,1,OO,6442,N221SW,PSP,LAX,925,926.0,1.0,9.0,935.0,54.0,46.0,29.0,110,1004.0,8.0,1019,1012.0,-7.0,0,0,,,,,,
2015,3,9,1,OO,6312,N295SW,PSP,LAX,1139,1153.0,14.0,10.0,1203.0,59.0,67.0,25.0,110,1228.0,32.0,1238,1300.0,22.0,0,0,,8.0,0.0,0.0,14.0,0.0
2015,3,9,1,OO,5610,N221SW,PSP,LAX,1545,1537.0,-8.0,13.0,1550.0,54.0,48.0,28.0,110,1618.0,7.0,1639,1625.0,-14.0,0,0,,,,,,
2015,3,9,1,OO,5242,N564SW,PSP,LAX,1910,1928.0,18.0,15.0,1943.0,54.0,48.0,28.0,110,2011.0,5.0,2004,2016.0,12.0,0,0,,,,,,
2015,3,10,2,OO,6442,N221SW,PSP,LAX,925,921.0,-4.0,25.0,946.0,54.0,62.0,29.0,110,1015.0,8.0,1019,1023.0,4.0,0,0,,,,,,
2015,3,10,2,OO,6312,N564SW,PSP,LAX,1139,1221.0,42.0,8.0,1229.0,59.0,42.0,30.0,110,1259.0,4.0,1238,1303.0,25.0,0,0,,0.0,0.0,0.0,25.0,0.0
2015,3,10,2,OO,5618,N221SW,PSP,LAX,1545,1539.0,-6.0,15.0,1554.0,54.0,52.0,30.0,110,1624.0,7.0,1639,1631.0,-8.0,0,0,,,,,,
2015,3,10,2,OO,5227,N569SW,PSP,LAX,1910,2030.0,80.0,29.0,2059.0,54.0,60.0,28.0,110,2127.0,3.0,2004,2130.0,86.0,0,0,,86.0,0.0,0.0,0.0,0.0
2015,3,11,3,OO,6442,N237SW,PSP,LAX,925,927.0,2.0,27.0,954.0,54.0,58.0,29.0,110,1023.0,2.0,1019,1025.0,6.0,0,0,,,,,,
2015,3,11,3,OO,6312,N221SW,PSP,LAX,1139,1150.0,11.0,9.0,1159.0,59.0,57.0,26.0,110,1225.0,22.0,1238,1247.0,9.0,0,0,,,,,,
2015,3,11,3,OO,5618,N237SW,PSP,LAX,1545,1539.0,-6.0,10.0,1549.0,54.0,53.0,26.0,110,1615.0,17.0,1639,1632.0,-7.0,0,0,,,,,,
2015,3,11,3,OO,5242,N237SW,PSP,LAX,1910,1900.0,-10.0,4.0,1904.0,54.0,35.0,27.0,110,1931.0,4.0,2004,1935.0,-29.0,0,0,,,,,,
2015,3,12,4,OO,6442,N291SW,PSP,LAX,925,919.0,-6.0,12.0,931.0,54.0,55.0,28.0,110,959.0,15.0,1019,1014.0,-5.0,0,0,,,,,,
2015,3,12,4,OO,6312,N576SW,PSP,LAX,1139,1137.0,-2.0,27.0,1204.0,59.0,57.0,24.0,110,1228.0,6.0,1238,1234.0,-4.0,0,0,,,,,,
2015,3,12,4,OO,5610,N291SW,PSP,LAX,1545,1541.0,-4.0,31.0,1612.0,54.0,74.0,39.0,110,1651.0,4.0,1639,1655.0,16.0,0,0,,16.0,0.0,0.0,0.0,0.0
2015,3,12,4,OO,5242,N291SW,PSP,LAX,1910,1938.0,28.0,18.0,1956.0,54.0,54.0,28.0,110,2024.0,8.0,2004,2032.0,28.0,0,0,,0.0,0.0,0.0,28.0,0.0
2015,3,13,5,OO,6442,N563SW,PSP,LAX,925,1107.0,102.0,7.0,1114.0,54.0,34.0,25.0,110,1139.0,2.0,1019,1141.0,82.0,0,0,,82.0,0.0,0.0,0.0,0.0
2015,3,13,5,OO,6312,N221SW,PSP,LAX,1139,1156.0,17.0,16.0,1212.0,59.0,46.0,26.0,110,1238.0,4.0,1238,1242.0,4.0,0,0,,,,,,
2015,3,13,5,OO,5618,N563SW,PSP,LAX,1545,1539.0,-6.0,8.0,1547.0,54.0,38.0,26.0,110,1613.0,4.0,1639,1617.0,-22.0,0,0,,,,,,
2015,3,13,5,OO,5242,N563SW,PSP,LAX,1910,1920.0,10.0,15.0,1935.0,54.0,47.0,27.0,110,2002.0,5.0,2004,2007.0,3.0,0,0,,,,,,
2015,3,14,6,OO,6429,N920SW,PSP,LAX,540,539.0,-1.0,10.0,549.0,59.0,50.0,32.0,110,621.0,8.0,639,629.0,-10.0,0,0,,,,,,
2015,3,14,6,OO,6246,N291SW,PSP,LAX,1152,1143.0,-9.0,17.0,1200.0,59.0,52.0,31.0,110,1231.0,4.0,1251,1235.0,-16.0,0,0,,,,,,
2015,3,14,6,OO,6312,N580SW,PSP,LAX,1543,1538.0,-5.0,13.0,1551.0,54.0,56.0,30.0,110,1621.0,13.0,1637,1634.0,-3.0,0,0,,,,,,
2015,3,14,6,OO,5573,N221SW,PSP,LAX,1935,1926.0,-9.0,8.0,1934.0,54.0,59.0,27.0,110,2001.0,24.0,2029,2025.0,-4.0,0,0,,,,,,
2015,3,15,7,OO,6442,N567SW,PSP,LAX,925,925.0,0.0,11.0,936.0,54.0,42.0,24.0,110,1000.0,7.0,1019,1007.0,-12.0,0,0,,,,,,
2015,3,15,7,OO,6312,N580SW,PSP,LAX,1139,1152.0,13.0,37.0,1229.0,59.0,69.0,29.0,110,1258.0,3.0,1238,1301.0,23.0,0,0,,10.0,0.0,12.0,1.0,0.0
2015,3,15,7,OO,5610,N567SW,PSP,LAX,1545,1536.0,-9.0,14.0,1550.0,54.0,51.0,31.0,110,1621.0,6.0,1639,1627.0,-12.0,0,0,,,,,,
2015,3,15,7,OO,5242,N567SW,PSP,LAX,1910,1901.0,-9.0,16.0,1917.0,54.0,49.0,28.0,110,1945.0,5.0,2004,1950.0,-14.0,0,0,,,,,,
2015,3,16,1,OO,6442,N578SW,PSP,LAX,925,924.0,-1.0,21.0,945.0,54.0,51.0,27.0,110,1012.0,3.0,1019,1015.0,-4.0,0,0,,,,,,
2015,3,16,1,OO,6312,N568SW,PSP,LAX,1139,1155.0,16.0,11.0,1206.0,59.0,48.0,25.0,110,1231.0,12.0,1238,1243.0,5.0,0,0,,,,,,
2015,3,16,1,OO,5610,N578SW,PSP,LAX,1545,1542.0,-3.0,13.0,1555.0,54.0,59.0,35.0,110,1630.0,11.0,1639,1641.0,2.0,0,0,,,,,,
2015,3,16,1,OO,5242,N578SW,PSP,LAX,1910,1931.0,21.0,4.0,1935.0,54.0,42.0,27.0,110,2002.0,11.0,2004,2013.0,9.0,0,0,,,,,,
2015,3,17,2,OO,6442,N564SW,PSP,LAX,925,1019.0,54.0,20.0,1039.0,54.0,60.0,24.0,110,1103.0,16.0,1019,1119.0,60.0,0,0,,6.0,0.0,54.0,0.0,0.0
2015,3,17,2,OO,6312,N580SW,PSP,LAX,1139,1139.0,0.0,7.0,1146.0,59.0,41.0,26.0,110,1212.0,8.0,1238,1220.0,-18.0,0,0,,,,,,
2015,3,17,2,OO,5618,N564SW,PSP,LAX,1545,1542.0,-3.0,5.0,1547.0,54.0,51.0,30.0,110,1617.0,16.0,1639,1633.0,-6.0,0,0,,,,,,
2015,3,17,2,OO,5227,N564SW,PSP,LAX,1910,1906.0,-4.0,17.0,1923.0,54.0,65.0,32.0,110,1955.0,16.0,2004,2011.0,7.0,0,0,,,,,,
2015,3,18,3,OO,6442,N568SW,PSP,LAX,925,920.0,-5.0,14.0,934.0,54.0,48.0,30.0,110,1004.0,4.0,1019,1008.0,-11.0,0,0,,,,,,
2015,3,18,3,OO,6312,N576SW,PSP,LAX,1139,1143.0,4.0,10.0,1153.0,59.0,58.0,42.0,110,1235.0,6.0,1238,1241.0,3.0,0,0,,,,,,
2015,3,18,3,OO,5618,N568SW,PSP,LAX,1545,1537.0,-8.0,28.0,1605.0,54.0,60.0,28.0,110,1633.0,4.0,1639,1637.0,-2.0,0,0,,,,,,
2015,3,18,3,OO,5242,N568SW,PSP,LAX,1910,1946.0,36.0,9.0,1955.0,54.0,44.0,29.0,110,2024.0,6.0,2004,2030.0,26.0,0,0,,15.0,0.0,0.0,11.0,0.0
2015,3,19,4,OO,6442,N234SW,PSP,LAX,925,923.0,-2.0,11.0,934.0,54.0,45.0,29.0,110,1003.0,5.0,1019,1008.0,-11.0,0,0,,,,,,
2015,3,19,4,OO,6312,N237SW,PSP,LAX,1139,1133.0,-6.0,22.0,1155.0,59.0,64.0,38.0,110,1233.0,4.0,1238,1237.0,-1.0,0,0,,,,,,
2015,3,19,4,OO,5610,N234SW,PSP,LAX,1545,1540.0,-5.0,15.0,1555.0,54.0,56.0,33.0,110,1628.0,8.0,1639,1636.0,-3.0,0,0,,,,,,
2015,3,19,4,OO,5242,N234SW,PSP,LAX,1910,1902.0,-8.0,23.0,1925.0,54.0,59.0,33.0,110,1958.0,3.0,2004,2001.0,-3.0,0,0,,,,,,
2015,3,20,5,OO,6442,N580SW,PSP,LAX,925,917.0,-8.0,8.0,925.0,54.0,42.0,26.0,110,951.0,8.0,1019,959.0,-20.0,0,0,,,,,,
2015,3,20,5,OO,6312,N569SW,PSP,LAX,1139,1208.0,29.0,17.0,1225.0,59.0,49.0,29.0,110,1254.0,3.0,1238,1257.0,19.0,0,0,,0.0,0.0,19.0,0.0,0.0
2015,3,20,5,OO,5618,N580SW,PSP,LAX,1545,1548.0,3.0,19.0,1607.0,54.0,71.0,34.0,110,1641.0,18.0,1639,1659.0,20.0,0,0,,17.0,0.0,0.0,3.0,0.0
2015,3,20,5,OO,5242,N580SW,PSP,LAX,1910,2001.0,51.0,23.0,2024.0,54.0,53.0,25.0,110,2049.0,5.0,2004,2054.0,50.0,0,0,,50.0,0.0,0.0,0.0,0.0
2015,3,21,6,OO,6429,N908SW,PSP,LAX,540,536.0,-4.0,13.0,549.0,59.0,49.0,31.0,110,620.0,5.0,639,625.0,-14.0,0,0,,,,,,
2015,3,21,6,OO,6246,N237SW,PSP,LAX,1152,1146.0,-6.0,8.0,1154.0,59.0,42.0,31.0,110,1225.0,3.0,1251,1228.0,-23.0,0,0,,,,,,
2015,3,21,6,OO,6312,N291SW,PSP,LAX,1543,1536.0,-7.0,17.0,1553.0,54.0,54.0,33.0,110,1626.0,4.0,1637,1630.0,-7.0,0,0,,,,,,
2015,3,21,6,OO,5573,N221SW,PSP,LAX,1935,1935.0,0.0,9.0,1944.0,54.0,49.0,32.0,110,2016.0,8.0,2029,2024.0,-5.0,0,0,,,,,,
2015,3,22,7,OO,6442,N568SW,PSP,LAX,925,920.0,-5.0,20.0,940.0,54.0,66.0,40.0,110,1020.0,6.0,1019,1026.0,7.0,0,0,,,,,,
2015,3,22,7,OO,6312,N579SW,PSP,LAX,1139,1152.0,13.0,16.0,1208.0,59.0,58.0,37.0,110,1245.0,5.0,1238,1250.0,12.0,0,0,,,,,,
2015,3,22,7,OO,5610,N568SW,PSP,LAX,1545,1543.0,-2.0,44.0,1627.0,54.0,106.0,31.0,110,1658.0,31.0,1639,1729.0,50.0,0,0,,50.0,0.0,0.0,0.0,0.0
2015,3,22,7,OO,5242,N582SW,PSP,LAX,1910,2034.0,84.0,9.0,2043.0,54.0,63.0,30.0,110,2113.0,24.0,2004,2137.0,93.0,0,0,,93.0,0.0,0.0,0.0,0.0
2015,3,23,1,OO,6442,N569SW,PSP,LAX,925,935.0,10.0,9.0,944.0,54.0,46.0,29.0,110,1013.0,8.0,1019,1021.0,2.0,0,0,,,,,,
2015,3,23,1,OO,6312,N580SW,PSP,LAX,1139,1139.0,0.0,8.0,1147.0,59.0,36.0,26.0,110,1213.0,2.0,1238,1215.0,-23.0,0,0,,,,,,
2015,3,23,1,OO,5610,N295SW,PSP,LAX,1545,1539.0,-6.0,12.0,1551.0,54.0,47.0,32.0,110,1623.0,3.0,1639,1626.0,-13.0,0,0,,,,,,
2015,3,23,1,OO,5242,N295SW,PSP,LAX,1910,1902.0,-8.0,12.0,1914.0,54.0,49.0,34.0,110,1948.0,3.0,2004,1951.0,-13.0,0,0,,,,,,
2015,3,24,2,OO,6442,N576SW,PSP,LAX,925,919.0,-6.0,11.0,930.0,54.0,43.0,29.0,110,959.0,3.0,1019,1002.0,-17.0,0,0,,,,,,
2015,3,24,2,OO,6312,N295SW,PSP,LAX,1139,1135.0,-4.0,21.0,1156.0,59.0,49.0,26.0,110,1222.0,2.0,1238,1224.0,-14.0,0,0,,,,,,
2015,3,24,2,OO,5618,N576SW,PSP,LAX,1545,1541.0,-4.0,9.0,1550.0,54.0,44.0,31.0,110,1621.0,4.0,1639,1625.0,-14.0,0,0,,,,,,
2015,3,24,2,OO,5227,N576SW,PSP,LAX,1910,1853.0,-17.0,9.0,1902.0,54.0,52.0,26.0,110,1928.0,17.0,2004,1945.0,-19.0,0,0,,,,,,
2015,3,25,3,OO,6442,N291SW,PSP,LAX,925,919.0,-6.0,13.0,932.0,54.0,54.0,28.0,110,1000.0,13.0,1019,1013.0,-6.0,0,0,,,,,,
2015,3,25,3,OO,6312,N580SW,PSP,LAX,1139,1134.0,-5.0,8.0,1142.0,59.0,42.0,27.0,110,1209.0,7.0,1238,1216.0,-22.0,0,0,,,,,,
2015,3,25,3,OO,5618,N291SW,PSP,LAX,1545,1541.0,-4.0,21.0,1602.0,54.0,57.0,31.0,110,1633.0,5.0,1639,1638.0,-1.0,0,0,,,,,,
2015,3,25,3,OO,5242,N291SW,PSP,LAX,1910,1904.0,-6.0,19.0,1923.0,54.0,56.0,30.0,110,1953.0,7.0,2004,2000.0,-4.0,0,0,,,,,,
2015,3,26,4,OO,6442,N579SW,PSP,LAX,925,919.0,-6.0,33.0,952.0,54.0,70.0,27.0,110,1019.0,10.0,1019,1029.0,10.0,0,0,,,,,,
2015,3,26,4,OO,6312,N291SW,PSP,LAX,1139,1135.0,-4.0,16.0,1151.0,59.0,46.0,27.0,110,1218.0,3.0,1238,1221.0,-17.0,0,0,,,,,,
2015,3,26,4,OO,5618,N579SW,PSP,LAX,1545,1546.0,1.0,7.0,1553.0,54.0,47.0,29.0,110,1622.0,11.0,1639,1633.0,-6.0,0,0,,,,,,
2015,3,26,4,OO,5242,N579SW,PSP,LAX,1910,1903.0,-7.0,37.0,1940.0,54.0,70.0,32.0,110,2012.0,1.0,2004,2013.0,9.0,0,0,,,,,,
2015,3,27,5,OO,6442,N582SW,PSP,LAX,925,921.0,-4.0,17.0,938.0,54.0,49.0,26.0,110,1004.0,6.0,1019,1010.0,-9.0,0,0,,,,,,
2015,3,27,5,OO,6312,N295SW,PSP,LAX,1139,1135.0,-4.0,18.0,1153.0,59.0,61.0,29.0,110,1222.0,14.0,1238,1236.0,-2.0,0,0,,,,,,
2015,3,27,5,OO,5618,N582SW,PSP,LAX,1545,1538.0,-7.0,15.0,1553.0,54.0,59.0,32.0,110,1625.0,12.0,1639,1637.0,-2.0,0,0,,,,,,
2015,3,27,5,OO,5242,N582SW,PSP,LAX,1910,1909.0,-1.0,44.0,1953.0,54.0,71.0,26.0,110,2019.0,1.0,2004,2020.0,16.0,0,0,,16.0,0.0,0.0,0.0,0.0
2015,3,28,6,OO,6429,N967SW,PSP,LAX,540,530.0,-10.0,24.0,554.0,59.0,70.0,36.0,110,630.0,10.0,639,640.0,1.0,0,0,,,,,,
2015,3,28,6,OO,6246,N566SW,PSP,LAX,1152,1203.0,11.0,22.0,1225.0,59.0,58.0,28.0,110,1253.0,8.0,1251,1301.0,10.0,0,0,,,,,,
2015,3,28,6,OO,6442,N582SW,PSP,LAX,1543,1551.0,8.0,14.0,1605.0,54.0,47.0,28.0,110,1633.0,5.0,1637,1638.0,1.0,0,0,,,,,,
2015,3,28,6,OO,5573,N580SW,PSP,LAX,1935,1927.0,-8.0,13.0,1940.0,54.0,46.0,28.0,110,2008.0,5.0,2029,2013.0,-16.0,0,0,,,,,,
2015,3,29,7,OO,6442,N234SW,PSP,LAX,925,933.0,8.0,26.0,959.0,54.0,67.0,27.0,110,1026.0,14.0,1019,1040.0,21.0,0,0,,21.0,0.0,0.0,0.0,0.0
2015,3,29,7,OO,6312,N582SW,PSP,LAX,1139,1223.0,44.0,23.0,1246.0,59.0,59.0,26.0,110,1312.0,10.0,1238,1322.0,44.0,0,0,,0.0,0.0,0.0,44.0,0.0
2015,3,29,7,OO,5618,N234SW,PSP,LAX,1545,1548.0,3.0,16.0,1604.0,54.0,45.0,26.0,110,1630.0,3.0,1639,1633.0,-6.0,0,0,,,,,,
2015,3,29,7,OO,5242,N234SW,PSP,LAX,1910,1958.0,48.0,7.0,2005.0,54.0,45.0,27.0,110,2032.0,11.0,2004,2043.0,39.0,0,0,,39.0,0.0,0.0,0.0,0.0
2015,3,30,1,OO,6442,N563SW,PSP,LAX,925,922.0,-3.0,10.0,932.0,54.0,47.0,31.0,110,1003.0,6.0,1019,1009.0,-10.0,0,0,,,,,,
2015,3,30,1,OO,6312,N234SW,PSP,LAX,1139,1134.0,-5.0,15.0,1149.0,59.0,54.0,29.0,110,1218.0,10.0,1238,1228.0,-10.0,0,0,,,,,,
2015,3,30,1,OO,5618,N563SW,PSP,LAX,1545,1544.0,-1.0,12.0,1556.0,54.0,47.0,32.0,110,1628.0,3.0,1639,1631.0,-8.0,0,0,,,,,,
2015,3,30,1,OO,5242,N563SW,PSP,LAX,1910,1914.0,4.0,13.0,1927.0,54.0,46.0,29.0,110,1956.0,4.0,2004,2000.0,-4.0,0,0,,,,,,
2015,3,31,2,OO,6442,N295SW,PSP,LAX,925,945.0,20.0,11.0,956.0,54.0,44.0,28.0,110,1024.0,5.0,1019,1029.0,10.0,0,0,,,,,,
2015,3,31,2,OO,6312,N291SW,PSP,LAX,1139,1139.0,0.0,23.0,1202.0,59.0,53.0,27.0,110,1229.0,3.0,1238,1232.0,-6.0,0,0,,,,,,
2015,3,31,2,OO,5618,N295SW,PSP,LAX,1545,1536.0,-9.0,8.0,1544.0,54.0,45.0,28.0,110,1612.0,9.0,1639,1621.0,-18.0,0,0,,,,,,
2015,3,31,2,OO,5227,N295SW,PSP,LAX,1910,1941.0,31.0,19.0,2000.0,54.0,49.0,26.0,110,2026.0,4.0,2004,2030.0,26.0,0,0,,26.0,0.0,0.0,0.0,0.0
2015,4,1,3,OO,6442,N579SW,PSP,LAX,925,924.0,-1.0,27.0,951.0,54.0,56.0,27.0,110,1018.0,2.0,1019,1020.0,1.0,0,0,,,,,,
2015,4,1,3,OO,6312,N569SW,PSP,LAX,1139,1135.0,-4.0,9.0,1144.0,59.0,48.0,27.0,110,1211.0,12.0,1238,1223.0,-15.0,0,0,,,,,,
2015,4,1,3,OO,5618,N579SW,PSP,LAX,1545,,,,,54.0,,,110,,,1639,,,0,1,A,,,,,
2015,4,1,3,OO,5242,N579SW,PSP,LAX,1910,,,,,54.0,,,110,,,2004,,,0,1,A,,,,,
2015,4,2,4,OO,6442,N221SW,PSP,LAX,925,922.0,-3.0,12.0,934.0,54.0,63.0,30.0,110,1004.0,21.0,1019,1025.0,6.0,0,0,,,,,,
2015,4,2,4,OO,6312,N582SW,PSP,LAX,1139,1150.0,11.0,12.0,1202.0,59.0,52.0,27.0,110,1229.0,13.0,1238,1242.0,4.0,0,0,,,,,,
2015,4,2,4,OO,5618,N221SW,PSP,LAX,1545,1536.0,-9.0,8.0,1544.0,54.0,52.0,29.0,110,1613.0,15.0,1639,1628.0,-11.0,0,0,,,,,,
2015,4,2,4,OO,5242,N221SW,PSP,LAX,1910,1909.0,-1.0,44.0,1953.0,54.0,72.0,25.0,110,2018.0,3.0,2004,2021.0,17.0,0,0,,17.0,0.0,0.0,0.0,0.0
2015,4,3,5,OO,6442,N579SW,PSP,LAX,925,933.0,8.0,9.0,942.0,54.0,57.0,42.0,110,1024.0,6.0,1019,1030.0,11.0,0,0,,,,,,
2015,4,3,5,OO,6312,N221SW,PSP,LAX,1139,1159.0,20.0,12.0,1211.0,59.0,43.0,25.0,110,1236.0,6.0,1238,1242.0,4.0,0,0,,,,,,
2015,4,3,5,OO,5618,N579SW,PSP,LAX,1545,1537.0,-8.0,8.0,1545.0,54.0,42.0,30.0,110,1615.0,4.0,1639,1619.0,-20.0,0,0,,,,,,
2015,4,3,5,OO,5242,N579SW,PSP,LAX,1910,1901.0,-9.0,13.0,1914.0,54.0,90.0,33.0,110,1947.0,44.0,2004,2031.0,27.0,0,0,,27.0,0.0,0.0,0.0,0.0
2015,4,4,6,OO,6429,N507CA,PSP,LAX,540,533.0,-7.0,14.0,547.0,59.0,55.0,31.0,110,618.0,10.0,639,628.0,-11.0,0,0,,,,,,
2015,4,4,6,OO,5618,N234SW,PSP,LAX,1543,1538.0,-5.0,18.0,1556.0,54.0,56.0,33.0,110,1629.0,5.0,1637,1634.0,-3.0,0,0,,,,,,
2015,4,4,6,OO,6246,N579SW,PSP,LAX,1935,1927.0,-8.0,13.0,1940.0,54.0,46.0,29.0,110,2009.0,4.0,2029,2013.0,-16.0,0,0,,,,,,
2015,4,5,7,OO,6312,N295SW,PSP,LAX,1139,1138.0,-1.0,9.0,1147.0,59.0,41.0,30.0,110,1217.0,2.0,1238,1219.0,-19.0,0,0,,,,,,
2015,4,5,7,OO,5618,N579SW,PSP,LAX,1545,1544.0,-1.0,8.0,1552.0,54.0,48.0,35.0,110,1627.0,5.0,1639,1632.0,-7.0,0,0,,,,,,
2015,4,5,7,OO,6442,N579SW,PSP,LAX,1910,1934.0,24.0,7.0,1941.0,54.0,43.0,32.0,110,2013.0,4.0,2004,2017.0,13.0,0,0,,,,,,
2015,4,6,1,OO,6442,N566SW,PSP,LAX,925,1009.0,44.0,14.0,1023.0,54.0,51.0,29.0,110,1052.0,8.0,1019,1100.0,41.0,0,0,,41.0,0.0,0.0,0.0,0.0
2015,4,6,1,OO,6312,N579SW,PSP,LAX,1139,1158.0,19.0,17.0,1215.0,59.0,54.0,33.0,110,1248.0,4.0,1238,1252.0,14.0,0,0,,,,,,
2015,4,6,1,OO,5618,N576SW,PSP,LAX,1545,1543.0,-2.0,17.0,1600.0,54.0,53.0,33.0,110,1633.0,3.0,1639,1636.0,-3.0,0,0,,,,,,
2015,4,6,1,OO,5242,N576SW,PSP,LAX,1910,1954.0,44.0,27.0,2021.0,54.0,64.0,28.0,110,2049.0,9.0,2004,2058.0,54.0,0,0,,54.0,0.0,0.0,0.0,0.0
2015,4,7,2,OO,6442,N567SW,PSP,LAX,820,820.0,0.0,9.0,829.0,54.0,70.0,32.0,110,901.0,29.0,914,930.0,16.0,0,0,,16.0,0.0,0.0,0.0,0.0
2015,4,7,2,OO,6312,N567SW,PSP,LAX,1112,1109.0,-3.0,15.0,1124.0,53.0,53.0,36.0,110,1200.0,2.0,1205,1202.0,-3.0,0,0,,,,,,
2015,4,7,2,OO,5618,N567SW,PSP,LAX,1700,1656.0,-4.0,14.0,1710.0,54.0,49.0,29.0,110,1739.0,6.0,1754,1745.0,-9.0,0,0,,,,,,
2015,4,8,3,OO,6442,N221SW,PSP,LAX,820,814.0,-6.0,10.0,824.0,54.0,63.0,31.0,110,855.0,22.0,914,917.0,3.0,0,0,,,,,,
2015,4,8,3,OO,6312,N295SW,PSP,LAX,1112,1117.0,5.0,9.0,1126.0,53.0,45.0,30.0,110,1156.0,6.0,1205,1202.0,-3.0,0,0,,,,,,
2015,4,8,3,OO,5618,N295SW,PSP,LAX,1700,1656.0,-4.0,12.0,1708.0,54.0,45.0,29.0,110,1737.0,4.0,1754,1741.0,-13.0,0,0,,,,,,
2015,4,9,4,OO,6442,N576SW,PSP,LAX,820,820.0,0.0,5.0,825.0,54.0,57.0,30.0,110,855.0,22.0,914,917.0,3.0,0,0,,,,,,
2015,4,9,4,OO,6312,N221SW,PSP,LAX,1112,1154.0,42.0,15.0,1209.0,53.0,49.0,27.0,110,1236.0,7.0,1205,1243.0,38.0,0,0,,0.0,0.0,0.0,38.0,0.0
2015,4,9,4,OO,5618,N221SW,PSP,LAX,1700,1655.0,-5.0,14.0,1709.0,54.0,52.0,30.0,110,1739.0,8.0,1754,1747.0,-7.0,0,0,,,,,,
2015,4,10,5,OO,6442,N567SW,PSP,LAX,820,818.0,-2.0,11.0,829.0,54.0,56.0,27.0,110,856.0,18.0,914,914.0,0.0,0,0,,,,,,
2015,4,10,5,OO,6312,N567SW,PSP,LAX,1112,1113.0,1.0,25.0,1138.0,53.0,56.0,26.0,110,1204.0,5.0,1205,1209.0,4.0,0,0,,,,,,
2015,4,10,5,OO,5618,N567SW,PSP,LAX,1700,1700.0,0.0,17.0,1717.0,54.0,53.0,30.0,110,1747.0,6.0,1754,1753.0,-1.0,0,0,,,,,,
2015,4,11,6,OO,5618,N291SW,PSP,LAX,1718,1714.0,-4.0,20.0,1734.0,54.0,56.0,30.0,110,1804.0,6.0,1812,1810.0,-2.0,0,0,,,,,,
2015,4,12,7,OO,6442,N237SW,PSP,LAX,820,814.0,-6.0,20.0,834.0,54.0,59.0,30.0,110,904.0,9.0,914,913.0,-1.0,0,0,,,,,,
2015,4,12,7,OO,6312,N237SW,PSP,LAX,1112,1102.0,-10.0,12.0,1114.0,53.0,45.0,28.0,110,1142.0,5.0,1205,1147.0,-18.0,0,0,,,,,,
2015,4,12,7,OO,5618,N237SW,PSP,LAX,1700,1652.0,-8.0,19.0,1711.0,54.0,57.0,28.0,110,1739.0,10.0,1754,1749.0,-5.0,0,0,,,,,,
2015,4,13,1,OO,6442,N576SW,PSP,LAX,820,812.0,-8.0,14.0,826.0,54.0,67.0,30.0,110,856.0,23.0,914,919.0,5.0,0,0,,,,,,
2015,4,13,1,OO,6312,N582SW,PSP,LAX,1112,1151.0,39.0,12.0,1203.0,53.0,44.0,28.0,110,1231.0,4.0,1205,1235.0,30.0,0,0,,0.0,0.0,0.0,30.0,0.0
2015,4,13,1,OO,5618,N582SW,PSP,LAX,1700,1652.0,-8.0,15.0,1707.0,54.0,47.0,28.0,110,1735.0,4.0,1754,1739.0,-15.0,0,0,,,,,,
2015,4,14,2,OO,6442,N295SW,PSP,LAX,820,,,,,54.0,,,110,,,914,,,0,1,A,,,,,
2015,4,14,2,OO,6312,N295SW,PSP,LAX,1112,1136.0,24.0,6.0,1142.0,53.0,41.0,27.0,110,1209.0,8.0,1205,1217.0,12.0,0,0,,,,,,
2015,4,14,2,OO,5618,N295SW,PSP,LAX,1700,1655.0,-5.0,5.0,1700.0,54.0,37.0,30.0,110,1730.0,2.0,1754,1732.0,-22.0,0,0,,,,,,
2015,4,15,3,OO,6442,N567SW,PSP,LAX,820,814.0,-6.0,17.0,831.0,54.0,73.0,30.0,110,901.0,26.0,914,927.0,13.0,0,0,,,,,,
2015,4,15,3,OO,6312,N567SW,PSP,LAX,1112,1106.0,-6.0,9.0,1115.0,53.0,56.0,31.0,110,1146.0,16.0,1205,1202.0,-3.0,0,0,,,,,,
2015,4,15,3,OO,5618,N567SW,PSP,LAX,1700,1659.0,-1.0,5.0,1704.0,54.0,36.0,27.0,110,1731.0,4.0,1754,1735.0,-19.0,0,0,,,,,,
2015,4,16,4,OO,6442,N237SW,PSP,LAX,820,927.0,67.0,13.0,940.0,54.0,50.0,30.0,110,1010.0,7.0,914,1017.0,63.0,0,0,,0.0,0.0,63.0,0.0,0.0
2015,4,16,4,OO,6312,N237SW,PSP,LAX,1112,1251.0,99.0,13.0,1304.0,53.0,49.0,30.0,110,1334.0,6.0,1205,1340.0,95.0,0,0,,0.0,0.0,23.0,72.0,0.0
2015,4,16,4,OO,5618,N237SW,PSP,LAX,1700,1723.0,23.0,11.0,1734.0,54.0,40.0,25.0,110,1759.0,4.0,1754,1803.0,9.0,0,0,,,,,,
2015,4,17,5,OO,6442,N582SW,PSP,LAX,820,814.0,-6.0,15.0,829.0,54.0,53.0,27.0,110,856.0,11.0,914,907.0,-7.0,0,0,,,,,,
2015,4,17,5,OO,6312,N582SW,PSP,LAX,1112,1117.0,5.0,9.0,1126.0,53.0,45.0,28.0,110,1154.0,8.0,1205,1202.0,-3.0,0,0,,,,,,
2015,4,17,5,OO,5618,N582SW,PSP,LAX,1700,1659.0,-1.0,25.0,1724.0,54.0,57.0,29.0,110,1753.0,3.0,1754,1756.0,2.0,0,0,,,,,,
2015,4,18,6,OO,5618,N576SW,PSP,LAX,1718,1710.0,-8.0,10.0,1720.0,54.0,64.0,32.0,110,1752.0,22.0,1812,1814.0,2.0,0,0,,,,,,
2015,4,19,7,OO,6442,N567SW,PSP,LAX,820,808.0,-12.0,18.0,826.0,54.0,58.0,30.0,110,856.0,10.0,914,906.0,-8.0,0,0,,,,,,
2015,4,19,7,OO,6312,N567SW,PSP,LAX,1112,1105.0,-7.0,11.0,1116.0,53.0,74.0,29.0,110,1145.0,34.0,1205,1219.0,14.0,0,0,,,,,,
2015,4,19,7,OO,5618,N567SW,PSP,LAX,1700,1652.0,-8.0,16.0,1708.0,54.0,48.0,28.0,110,1736.0,4.0,1754,1740.0,-14.0,0,0,,,,,,
2015,4,20,1,OO,6442,N237SW,PSP,LAX,820,842.0,22.0,20.0,902.0,54.0,61.0,27.0,110,929.0,14.0,914,943.0,29.0,0,0,,7.0,0.0,22.0,0.0,0.0
2015,4,20,1,OO,6312,N237SW,PSP,LAX,1112,1113.0,1.0,23.0,1136.0,53.0,58.0,29.0,110,1205.0,6.0,1205,1211.0,6.0,0,0,,,,,,
2015,4,20,1,OO,5618,N237SW,PSP,LAX,1700,1654.0,-6.0,11.0,1705.0,54.0,43.0,26.0,110,1731.0,6.0,1754,1737.0,-17.0,0,0,,,,,,
2015,4,21,2,OO,6442,N582SW,PSP,LAX,820,810.0,-10.0,15.0,825.0,54.0,55.0,29.0,110,854.0,11.0,914,905.0,-9.0,0,0,,,,,,
2015,4,21,2,OO,6312,N582SW,PSP,LAX,1112,1106.0,-6.0,26.0,1132.0,53.0,60.0,29.0,110,1201.0,5.0,1205,1206.0,1.0,0,0,,,,,,
2015,4,21,2,OO,5618,N582SW,PSP,LAX,1700,1646.0,-14.0,11.0,1657.0,54.0,48.0,31.0,110,1728.0,6.0,1754,1734.0,-20.0,0,0,,,,,,
2015,4,22,3,OO,6442,N567SW,PSP,LAX,820,821.0,1.0,12.0,833.0,54.0,44.0,29.0,110,902.0,3.0,914,905.0,-9.0,0,0,,,,,,
2015,4,22,3,OO,6312,N567SW,PSP,LAX,1112,1107.0,-5.0,20.0,1127.0,53.0,57.0,29.0,110,1156.0,8.0,1205,1204.0,-1.0,0,0,,,,,,
2015,4,22,3,OO,5618,N567SW,PSP,LAX,1700,1737.0,37.0,7.0,1744.0,54.0,39.0,26.0,110,1810.0,6.0,1754,1816.0,22.0,0,0,,0.0,0.0,22.0,0.0,0.0
2015,4,23,4,OO,6442,N295SW,PSP,LAX,820,817.0,-3.0,9.0,826.0,54.0,42.0,29.0,110,855.0,4.0,914,859.0,-15.0,0,0,,,,,,
2015,4,23,4,OO,6312,N295SW,PSP,LAX,1112,1107.0,-5.0,13.0,1120.0,53.0,45.0,29.0,110,1149.0,3.0,1205,1152.0,-13.0,0,0,,,,,,
2015,4,23,4,OO,5618,N567SW,PSP,LAX,1700,1723.0,23.0,14.0,1737.0,54.0,48.0,27.0,110,1804.0,7.0,1754,1811.0,17.0,0,0,,0.0,0.0,17.0,0.0,0.0
2015,4,24,5,OO,6442,N237SW,PSP,LAX,820,811.0,-9.0,11.0,822.0,54.0,84.0,30.0,110,852.0,43.0,914,935.0,21.0,0,0,,21.0,0.0,0.0,0.0,0.0
2015,4,24,5,OO,6312,N237SW,PSP,LAX,1112,1112.0,0.0,9.0,1121.0,53.0,52.0,31.0,110,1152.0,12.0,1205,1204.0,-1.0,0,0,,,,,,
2015,4,24,5,OO,5618,N237SW,PSP,LAX,1700,1658.0,-2.0,15.0,1713.0,54.0,52.0,33.0,110,1746.0,4.0,1754,1750.0,-4.0,0,0,,,,,,
2015,4,25,6,OO,5618,N563SW,PSP,LAX,1718,1733.0,15.0,13.0,1746.0,54.0,55.0,37.0,110,1823.0,5.0,1812,1828.0,16.0,0,0,,1.0,0.0,0.0,15.0,0.0
2015,4,26,7,OO,6442,N582SW,PSP,LAX,820,813.0,-7.0,10.0,823.0,54.0,51.0,29.0,110,852.0,12.0,914,904.0,-10.0,0,0,,,,,,
2015,4,26,7,OO,6312,N221SW,PSP,LAX,1112,1129.0,17.0,14.0,1143.0,53.0,56.0,32.0,110,1215.0,10.0,1205,1225.0,20.0,0,0,,3.0,0.0,0.0,17.0,0.0
2015,4,26,7,OO,5618,N295SW,PSP,LAX,1700,1703.0,3.0,10.0,1713.0,54.0,48.0,27.0,110,1740.0,11.0,1754,1751.0,-3.0,0,0,,,,,,
2015,4,27,1,OO,6442,N567SW,PSP,LAX,820,816.0,-4.0,23.0,839.0,54.0,63.0,31.0,110,910.0,9.0,914,919.0,5.0,0,0,,,,,,
2015,4,27,1,OO,6312,N567SW,PSP,LAX,1112,1104.0,-8.0,11.0,1115.0,53.0,50.0,29.0,110,1144.0,10.0,1205,1154.0,-11.0,0,0,,,,,,
2015,4,27,1,OO,5618,N567SW,PSP,LAX,1700,1653.0,-7.0,6.0,1659.0,54.0,36.0,25.0,110,1724.0,5.0,1754,1729.0,-25.0,0,0,,,,,,
2015,4,28,2,OO,6442,N569SW,PSP,LAX,820,825.0,5.0,11.0,836.0,54.0,44.0,27.0,110,903.0,6.0,914,909.0,-5.0,0,0,,,,,,
2015,4,28,2,OO,6312,N569SW,PSP,LAX,1112,1106.0,-6.0,12.0,1118.0,53.0,48.0,29.0,110,1147.0,7.0,1205,1154.0,-11.0,0,0,,,,,,
2015,4,28,2,OO,5618,N569SW,PSP,LAX,1700,1655.0,-5.0,14.0,1709.0,54.0,48.0,30.0,110,1739.0,4.0,1754,1743.0,-11.0,0,0,,,,,,
2015,4,29,3,OO,6442,N568SW,PSP,LAX,820,814.0,-6.0,11.0,825.0,54.0,74.0,27.0,110,852.0,36.0,914,928.0,14.0,0,0,,,,,,
2015,4,29,3,OO,6312,N568SW,PSP,LAX,1112,1109.0,-3.0,13.0,1122.0,53.0,54.0,31.0,110,1153.0,10.0,1205,1203.0,-2.0,0,0,,,,,,
2015,4,29,3,OO,5618,N568SW,PSP,LAX,1700,1654.0,-6.0,11.0,1705.0,54.0,46.0,31.0,110,1736.0,4.0,1754,1740.0,-14.0,0,0,,,,,,
2015,4,30,4,OO,6442,N569SW,PSP,LAX,820,814.0,-6.0,12.0,826.0,54.0,47.0,31.0,110,857.0,4.0,914,901.0,-13.0,0,0,,,,,,
2015,4,30,4,OO,6312,N237SW,PSP,LAX,1112,1107.0,-5.0,8.0,1115.0,53.0,51.0,38.0,110,1153.0,5.0,1205,1158.0,-7.0,0,0,,,,,,
2015,4,30,4,OO,5618,N237SW,PSP,LAX,1700,1652.0,-8.0,24.0,1716.0,54.0,62.0,31.0,110,1747.0,7.0,1754,1754.0,0.0,0,0,,,,,,
2015,5,1,5,OO,6442,N567SW,PSP,LAX,820,820.0,0.0,28.0,848.0,54.0,73.0,29.0,110,917.0,16.0,914,933.0,19.0,0,0,,19.0,0.0,0.0,0.0,0.0
2015,5,1,5,OO,6312,N567SW,PSP,LAX,1112,1108.0,-4.0,10.0,1118.0,53.0,50.0,32.0,110,1150.0,8.0,1205,1158.0,-7.0,0,0,,,,,,
2015,5,1,5,OO,5618,N567SW,PSP,LAX,1700,1653.0,-7.0,10.0,1703.0,54.0,52.0,29.0,110,1732.0,13.0,1754,1745.0,-9.0,0,0,,,,,,
2015,5,2,6,OO,5618,N582SW,PSP,LAX,1718,1742.0,24.0,11.0,1753.0,54.0,51.0,32.0,110,1825.0,8.0,1812,1833.0,21.0,0,0,,0.0,0.0,0.0,21.0,0.0
2015,5,3,7,OO,6442,N568SW,PSP,LAX,820,814.0,-6.0,10.0,824.0,54.0,42.0,29.0,110,853.0,3.0,914,856.0,-18.0,0,0,,,,,,
2015,5,3,7,OO,6312,N568SW,PSP,LAX,1112,1102.0,-10.0,22.0,1124.0,53.0,64.0,30.0,110,1154.0,12.0,1205,1206.0,1.0,0,0,,,,,,
2015,5,3,7,OO,5618,N568SW,PSP,LAX,1700,1654.0,-6.0,20.0,1714.0,54.0,64.0,27.0,110,1741.0,17.0,1754,1758.0,4.0,0,0,,,,,,
2015,5,4,1,OO,6442,N237SW,PSP,LAX,820,817.0,-3.0,11.0,828.0,54.0,46.0,28.0,110,856.0,7.0,914,903.0,-11.0,0,0,,,,,,
2015,5,4,1,OO,6312,N221SW,PSP,LAX,1112,1139.0,27.0,7.0,1146.0,53.0,38.0,26.0,110,1212.0,5.0,1205,1217.0,12.0,0,0,,,,,,
2015,5,4,1,OO,5618,N221SW,PSP,LAX,1700,1650.0,-10.0,11.0,1701.0,54.0,48.0,29.0,110,1730.0,8.0,1754,1738.0,-16.0,0,0,,,,,,
2015,5,5,2,OO,6442,N567SW,PSP,LAX,820,816.0,-4.0,22.0,838.0,54.0,55.0,27.0,110,905.0,6.0,914,911.0,-3.0,0,0,,,,,,
2015,5,5,2,OO,6312,N928SW,PSP,LAX,1110,1305.0,115.0,20.0,1325.0,53.0,57.0,31.0,110,1356.0,6.0,1203,1402.0,119.0,0,0,,4.0,0.0,0.0,115.0,0.0
2015,5,5,2,OO,5618,N567SW,PSP,LAX,1700,1659.0,-1.0,9.0,1708.0,54.0,42.0,30.0,110,1738.0,3.0,1754,1741.0,-13.0,0,0,,,,,,
2015,5,6,3,UA,274,N422UA,PSP,LAX,617,616.0,-1.0,13.0,629.0,56.0,42.0,23.0,110,652.0,6.0,713,658.0,-15.0,0,0,,,,,,
2015,5,7,4,OO,6479,N726SK,PSP,LAX,624,617.0,-7.0,12.0,629.0,56.0,43.0,25.0,110,654.0,6.0,720,700.0,-20.0,0,0,,,,,,
2015,5,8,5,OO,6479,N778SK,PSP,LAX,624,616.0,-8.0,23.0,639.0,56.0,63.0,28.0,110,707.0,12.0,720,719.0,-1.0,0,0,,,,,,
2015,5,9,6,OO,6479,N709BR,PSP,LAX,630,625.0,-5.0,18.0,643.0,56.0,51.0,24.0,110,707.0,9.0,726,716.0,-10.0,0,0,,,,,,
2015,5,10,7,OO,6479,N788SK,PSP,LAX,624,619.0,-5.0,10.0,629.0,56.0,40.0,23.0,110,652.0,7.0,720,659.0,-21.0,0,0,,,,,,
2015,5,11,1,OO,6479,N774SK,PSP,LAX,624,617.0,-7.0,15.0,632.0,56.0,47.0,25.0,110,657.0,7.0,720,704.0,-16.0,0,0,,,,,,
2015,5,12,2,OO,6479,N788SK,PSP,LAX,624,622.0,-2.0,12.0,634.0,56.0,58.0,24.0,110,658.0,22.0,720,720.0,0.0,0,0,,,,,,
2015,5,13,3,OO,6479,N786SK,PSP,LAX,624,620.0,-4.0,19.0,639.0,56.0,62.0,37.0,110,716.0,6.0,720,722.0,2.0,0,0,,,,,,
2015,5,14,4,OO,6479,N762SK,PSP,LAX,624,622.0,-2.0,12.0,634.0,56.0,47.0,25.0,110,659.0,10.0,720,709.0,-11.0,0,0,,,,,,
2015,5,15,5,OO,6479,N755SK,PSP,LAX,624,621.0,-3.0,15.0,636.0,56.0,54.0,27.0,110,703.0,12.0,720,715.0,-5.0,0,0,,,,,,
2015,5,16,6,OO,6479,N792SK,PSP,LAX,630,625.0,-5.0,12.0,637.0,56.0,42.0,25.0,110,702.0,5.0,726,707.0,-19.0,0,0,,,,,,
2015,5,17,7,OO,6479,N707SK,PSP,LAX,624,619.0,-5.0,24.0,643.0,56.0,57.0,26.0,110,709.0,7.0,720,716.0,-4.0,0,0,,,,,,
2015,5,18,1,OO,6479,N712SK,PSP,LAX,624,624.0,0.0,13.0,637.0,56.0,52.0,28.0,110,705.0,11.0,720,716.0,-4.0,0,0,,,,,,
2015,5,19,2,OO,6479,N791SK,PSP,LAX,624,619.0,-5.0,16.0,635.0,56.0,49.0,25.0,110,700.0,8.0,720,708.0,-12.0,0,0,,,,,,
2015,5,20,3,OO,6479,N770SK,PSP,LAX,624,617.0,-7.0,17.0,634.0,56.0,56.0,27.0,110,701.0,12.0,720,713.0,-7.0,0,0,,,,,,
2015,5,21,4,OO,6479,N719SK,PSP,LAX,624,619.0,-5.0,39.0,658.0,56.0,75.0,25.0,110,723.0,11.0,720,734.0,14.0,0,0,,,,,,
2015,5,22,5,OO,6479,N768SK,PSP,LAX,624,614.0,-10.0,9.0,623.0,56.0,40.0,24.0,110,647.0,7.0,720,654.0,-26.0,0,0,,,,,,
2015,5,23,6,OO,6479,N959SW,PSP,LAX,630,620.0,-10.0,14.0,634.0,56.0,46.0,25.0,110,659.0,7.0,726,706.0,-20.0,0,0,,,,,,
2015,5,24,7,OO,6479,N732SK,PSP,LAX,616,757.0,101.0,11.0,808.0,56.0,42.0,23.0,110,831.0,8.0,712,839.0,87.0,0,0,,0.0,0.0,87.0,0.0,0.0
2015,5,25,1,OO,6479,N750SK,PSP,LAX,600,553.0,-7.0,21.0,614.0,56.0,54.0,27.0,110,641.0,6.0,656,647.0,-9.0,0,0,,,,,,
2015,5,26,2,OO,6479,N724SK,PSP,LAX,624,619.0,-5.0,14.0,633.0,56.0,50.0,25.0,110,658.0,11.0,720,709.0,-11.0,0,0,,,,,,
2015,5,27,3,OO,6479,N701SK,PSP,LAX,600,600.0,0.0,20.0,620.0,56.0,47.0,23.0,110,643.0,4.0,656,647.0,-9.0,0,0,,,,,,
2015,5,28,4,OO,6479,N773SK,PSP,LAX,624,620.0,-4.0,11.0,631.0,56.0,47.0,28.0,110,659.0,8.0,720,707.0,-13.0,0,0,,,,,,
2015,5,29,5,OO,6479,N758SK,PSP,LAX,624,619.0,-5.0,14.0,633.0,56.0,46.0,23.0,110,656.0,9.0,720,705.0,-15.0,0,0,,,,,,
2015,5,30,6,OO,6479,N792SK,PSP,LAX,630,621.0,-9.0,46.0,707.0,56.0,78.0,22.0,110,729.0,10.0,726,739.0,13.0,0,0,,,,,,
2015,5,31,7,OO,6479,N764SK,PSP,LAX,624,817.0,113.0,11.0,828.0,56.0,63.0,23.0,110,851.0,29.0,720,920.0,120.0,0,0,,7.0,0.0,113.0,0.0,0.0
2015,6,1,1,OO,6479,N780SK,PSP,LAX,655,649.0,-6.0,10.0,659.0,56.0,40.0,25.0,110,724.0,5.0,751,729.0,-22.0,0,0,,,,,,
2015,6,2,2,OO,6479,N770SK,PSP,LAX,655,654.0,-1.0,11.0,705.0,56.0,41.0,24.0,110,729.0,6.0,751,735.0,-16.0,0,0,,,,,,
2015,6,3,3,OO,6479,N773SK,PSP,LAX,655,646.0,-9.0,11.0,657.0,56.0,62.0,25.0,110,722.0,26.0,751,748.0,-3.0,0,0,,,,,,
2015,6,4,4,OO,6479,N776SK,PSP,LAX,642,638.0,-4.0,11.0,649.0,58.0,89.0,25.0,110,714.0,53.0,740,807.0,27.0,0,0,,27.0,0.0,0.0,0.0,0.0
2015,6,5,5,OO,6479,N762SK,PSP,LAX,709,655.0,-14.0,11.0,706.0,58.0,88.0,29.0,110,735.0,48.0,807,823.0,16.0,0,0,,16.0,0.0,0.0,0.0,0.0
2015,6,6,6,OO,6479,N766SK,PSP,LAX,706,655.0,-11.0,12.0,707.0,58.0,66.0,24.0,110,731.0,30.0,804,801.0,-3.0,0,0,,,,,,
2015,6,7,7,OO,6479,N713SK,PSP,LAX,706,653.0,-13.0,13.0,706.0,58.0,68.0,27.0,110,733.0,28.0,804,801.0,-3.0,0,0,,,,,,
2015,6,8,1,OO,6479,N740SK,PSP,LAX,709,701.0,-8.0,12.0,713.0,58.0,75.0,25.0,110,738.0,38.0,807,816.0,9.0,0,0,,,,,,
2015,6,9,2,OO,6479,N752SK,PSP,LAX,709,1302.0,353.0,28.0,1330.0,58.0,62.0,26.0,110,1356.0,8.0,807,1404.0,357.0,0,0,,4.0,0.0,353.0,0.0,0.0
2015,6,10,3,OO,6479,N748SK,PSP,LAX,709,707.0,-2.0,8.0,715.0,58.0,42.0,27.0,110,742.0,7.0,807,749.0,-18.0,0,0,,,,,,
2015,6,11,4,OO,6479,N715SK,PSP,LAX,709,658.0,-11.0,9.0,707.0,58.0,39.0,23.0,110,730.0,7.0,807,737.0,-30.0,0,0,,,,,,
2015,6,12,5,OO,6479,N784SK,PSP,LAX,709,706.0,-3.0,9.0,715.0,58.0,68.0,25.0,110,740.0,34.0,807,814.0,7.0,0,0,,,,,,
2015,6,13,6,OO,6479,N701SK,PSP,LAX,655,649.0,-6.0,13.0,702.0,58.0,77.0,25.0,110,727.0,39.0,753,806.0,13.0,0,0,,,,,,
2015,6,14,7,OO,6479,N784SK,PSP,LAX,706,659.0,-7.0,15.0,714.0,58.0,82.0,25.0,110,739.0,42.0,804,821.0,17.0,0,0,,17.0,0.0,0.0,0.0,0.0
2015,6,15,1,OO,6479,N763SK,PSP,LAX,709,1019.0,190.0,26.0,1045.0,58.0,62.0,26.0,110,1111.0,10.0,807,1121.0,194.0,0,0,,4.0,0.0,190.0,0.0,0.0
2015,6,16,2,OO,6479,N701SK,PSP,LAX,709,702.0,-7.0,16.0,718.0,58.0,57.0,26.0,110,744.0,15.0,807,759.0,-8.0,0,0,,,,,,
2015,6,17,3,OO,6479,N760SK,PSP,LAX,709,701.0,-8.0,11.0,712.0,58.0,74.0,27.0,110,739.0,36.0,807,815.0,8.0,0,0,,,,,,
2015,6,18,4,OO,6479,N774SK,PSP,LAX,709,707.0,-2.0,9.0,716.0,58.0,62.0,26.0,110,742.0,27.0,807,809.0,2.0,0,0,,,,,,
2015,6,19,5,OO,6479,N719SK,PSP,LAX,709,754.0,45.0,19.0,813.0,58.0,48.0,23.0,110,836.0,6.0,807,842.0,35.0,0,0,,0.0,0.0,0.0,0.0,35.0
2015,6,20,6,OO,6479,N763SK,PSP,LAX,706,711.0,5.0,17.0,728.0,58.0,52.0,26.0,110,754.0,9.0,804,803.0,-1.0,0,0,,,,,,
2015,6,21,7,OO,6479,N507CA,PSP,LAX,706,720.0,14.0,10.0,730.0,58.0,60.0,25.0,110,755.0,25.0,804,820.0,16.0,0,0,,2.0,0.0,14.0,0.0,0.0
2015,6,22,1,OO,6479,N780SK,PSP,LAX,709,706.0,-3.0,14.0,720.0,58.0,78.0,27.0,110,747.0,37.0,807,824.0,17.0,0,0,,17.0,0.0,0.0,0.0,0.0
2015,6,23,2,OO,6479,N753SK,PSP,LAX,709,703.0,-6.0,20.0,723.0,58.0,59.0,26.0,110,749.0,13.0,807,802.0,-5.0,0,0,,,,,,
2015,6,24,3,OO,6479,N710SK,PSP,LAX,709,706.0,-3.0,11.0,717.0,58.0,77.0,22.0,110,739.0,44.0,807,823.0,16.0,0,0,,16.0,0.0,0.0,0.0,0.0
2015,6,25,4,OO,6479,N707SK,PSP,LAX,709,702.0,-7.0,12.0,714.0,58.0,61.0,26.0,110,740.0,23.0,807,803.0,-4.0,0,0,,,,,,
2015,6,26,5,OO,6479,N746SK,PSP,LAX,709,700.0,-9.0,14.0,714.0,58.0,62.0,26.0,110,740.0,22.0,807,802.0,-5.0,0,0,,,,,,
2015,6,27,6,OO,6479,N762SK,PSP,LAX,655,648.0,-7.0,9.0,657.0,58.0,61.0,26.0,110,723.0,26.0,753,749.0,-4.0,0,0,,,,,,
2015,6,28,7,OO,6479,N750SK,PSP,LAX,706,704.0,-2.0,16.0,720.0,58.0,67.0,24.0,110,744.0,27.0,804,811.0,7.0,0,0,,,,,,
2015,6,29,1,OO,6479,N783SK,PSP,LAX,709,702.0,-7.0,28.0,730.0,58.0,69.0,27.0,110,757.0,14.0,807,811.0,4.0,0,0,,,,,,
2015,6,30,2,OO,6479,N784SK,PSP,LAX,709,656.0,-13.0,29.0,725.0,58.0,81.0,24.0,110,749.0,28.0,807,817.0,10.0,0,0,,,,,,
2015,7,1,3,OO,6479,N730SK,PSP,LAX,709,,,,,58.0,,,110,,,807,,,0,1,A,,,,,
2015,7,2,4,OO,6312,N778SK,PSP,LAX,656,657.0,1.0,34.0,731.0,56.0,63.0,23.0,110,754.0,6.0,752,800.0,8.0,0,0,,,,,,
2015,7,3,5,OO,6312,N788SK,PSP,LAX,709,705.0,-4.0,23.0,728.0,56.0,82.0,25.0,110,753.0,34.0,805,827.0,22.0,0,0,,22.0,0.0,0.0,0.0,0.0
2015,7,5,7,OO,6312,N971SW,PSP,LAX,717,710.0,-7.0,14.0,724.0,58.0,52.0,28.0,110,752.0,10.0,815,802.0,-13.0,0,0,,,,,,
2015,7,6,1,OO,6312,N755SK,PSP,LAX,656,647.0,-9.0,13.0,700.0,56.0,40.0,22.0,110,722.0,5.0,752,727.0,-25.0,0,0,,,,,,
2015,7,7,2,OO,6312,N702SK,PSP,LAX,656,650.0,-6.0,11.0,701.0,56.0,83.0,25.0,110,726.0,47.0,752,813.0,21.0,0,0,,21.0,0.0,0.0,0.0,0.0
2015,7,8,3,OO,6312,N718SK,PSP,LAX,656,800.0,64.0,23.0,823.0,56.0,103.0,27.0,110,850.0,53.0,752,943.0,111.0,0,0,,47.0,0.0,64.0,0.0,0.0
2015,7,9,4,OO,6312,N758SK,PSP,LAX,656,938.0,162.0,,,56.0,,,110,,,752,,,0,1,A,,,,,
2015,7,10,5,OO,6312,N746SK,PSP,LAX,656,646.0,-10.0,19.0,705.0,56.0,47.0,22.0,110,727.0,6.0,752,733.0,-19.0,0,0,,,,,,
2015,7,11,6,OO,6479,N786SK,PSP,LAX,600,556.0,-4.0,19.0,615.0,55.0,50.0,25.0,110,640.0,6.0,655,646.0,-9.0,0,0,,,,,,
2015,7,12,7,OO,6312,N957SW,PSP,LAX,717,709.0,-8.0,11.0,720.0,58.0,54.0,24.0,110,744.0,19.0,815,803.0,-12.0,0,0,,,,,,
2015,7,13,1,OO,6312,N743SK,PSP,LAX,656,647.0,-9.0,12.0,659.0,56.0,71.0,27.0,110,726.0,32.0,752,758.0,6.0,0,0,,,,,,
2015,7,14,2,OO,6312,N794SK,PSP,LAX,656,737.0,41.0,41.0,818.0,56.0,77.0,30.0,110,848.0,6.0,752,854.0,62.0,0,0,,62.0,0.0,0.0,0.0,0.0
2015,7,15,3,OO,6312,N702SK,PSP,LAX,656,649.0,-7.0,21.0,710.0,56.0,58.0,28.0,110,738.0,9.0,752,747.0,-5.0,0,0,,,,,,
2015,7,16,4,OO,6312,N748SK,PSP,LAX,656,1202.0,306.0,12.0,1214.0,56.0,44.0,28.0,110,1242.0,4.0,752,1246.0,294.0,0,0,,0.0,0.0,294.0,0.0,0.0
2015,7,17,5,OO,6312,N771SK,PSP,LAX,656,648.0,-8.0,19.0,707.0,56.0,55.0,27.0,110,734.0,9.0,752,743.0,-9.0,0,0,,,,,,
2015,7,18,6,OO,6479,N767SK,PSP,LAX,600,615.0,15.0,12.0,627.0,55.0,41.0,25.0,110,652.0,4.0,655,656.0,1.0,0,0,,,,,,
2015,7,19,7,OO,6312,N954SW,PSP,LAX,717,903.0,106.0,28.0,931.0,58.0,64.0,22.0,110,953.0,14.0,815,1007.0,112.0,0,0,,6.0,0.0,106.0,0.0,0.0
2015,7,20,1,OO,6312,N702SK,PSP,LAX,656,652.0,-4.0,10.0,702.0,56.0,37.0,21.0,110,723.0,6.0,752,729.0,-23.0,0,0,,,,,,
2015,7,21,2,OO,6312,N789SK,PSP,LAX,656,,,,,56.0,,,110,,,752,,,0,1,C,,,,,
2015,7,22,3,OO,6312,N758SK,PSP,LAX,656,651.0,-5.0,10.0,701.0,56.0,43.0,25.0,110,726.0,8.0,752,734.0,-18.0,0,0,,,,,,
2015,7,23,4,OO,6312,N790SK,PSP,LAX,656,653.0,-3.0,24.0,717.0,56.0,74.0,27.0,110,744.0,23.0,752,807.0,15.0,0,0,,15.0,0.0,0.0,0.0,0.0
2015,7,24,5,OO,6312,N710SK,PSP,LAX,656,714.0,18.0,11.0,725.0,56.0,41.0,23.0,110,748.0,7.0,752,755.0,3.0,0,0,,,,,,
2015,7,25,6,OO,6479,N797SK,PSP,LAX,600,555.0,-5.0,17.0,612.0,55.0,51.0,25.0,110,637.0,9.0,655,646.0,-9.0,0,0,,,,,,
2015,7,26,7,OO,6312,N472CA,PSP,LAX,717,705.0,-12.0,13.0,718.0,58.0,57.0,28.0,110,746.0,16.0,815,802.0,-13.0,0,0,,,,,,
2015,7,27,1,OO,6312,N738SK,PSP,LAX,656,646.0,-10.0,10.0,656.0,56.0,45.0,23.0,110,719.0,12.0,752,731.0,-21.0,0,0,,,,,,
2015,7,28,2,OO,6312,N773SK,PSP,LAX,656,1115.0,259.0,45.0,1200.0,56.0,77.0,25.0,110,1225.0,7.0,752,1232.0,280.0,0,0,,21.0,0.0,259.0,0.0,0.0
2015,7,29,3,OO,6312,N786SK,PSP,LAX,656,650.0,-6.0,26.0,716.0,56.0,56.0,24.0,110,740.0,6.0,752,746.0,-6.0,0,0,,,,,,
2015,7,30,4,OO,6312,N730SK,PSP,LAX,656,655.0,-1.0,9.0,704.0,56.0,62.0,24.0,110,728.0,29.0,752,757.0,5.0,0,0,,,,,,
2015,7,31,5,OO,6312,N776SK,PSP,LAX,656,651.0,-5.0,18.0,709.0,56.0,47.0,23.0,110,732.0,6.0,752,738.0,-14.0,0,0,,,,,,
2015,8,1,6,OO,6479,N771SK,PSP,LAX,600,557.0,-3.0,23.0,620.0,55.0,56.0,26.0,110,646.0,7.0,655,653.0,-2.0,0,0,,,,,,
2015,8,2,7,OO,6312,N702BR,PSP,LAX,717,704.0,-13.0,13.0,717.0,58.0,65.0,23.0,110,740.0,29.0,815,809.0,-6.0,0,0,,,,,,
2015,8,3,1,OO,6312,N712SK,PSP,LAX,656,653.0,-3.0,18.0,711.0,56.0,48.0,24.0,110,735.0,6.0,752,741.0,-11.0,0,0,,,,,,
2015,8,4,2,OO,6312,N728SK,PSP,LAX,656,647.0,-9.0,15.0,702.0,56.0,59.0,25.0,110,727.0,19.0,752,746.0,-6.0,0,0,,,,,,
2015,8,5,3,OO,6312,N766SK,PSP,LAX,656,1020.0,204.0,15.0,1035.0,56.0,71.0,32.0,110,1107.0,24.0,752,1131.0,219.0,0,0,,15.0,0.0,204.0,0.0,0.0
2015,8,6,4,OO,6312,N705SK,PSP,LAX,656,653.0,-3.0,19.0,712.0,56.0,53.0,26.0,110,738.0,8.0,752,746.0,-6.0,0,0,,,,,,
2015,8,7,5,OO,6312,N705SK,PSP,LAX,656,647.0,-9.0,21.0,708.0,56.0,89.0,25.0,110,733.0,43.0,752,816.0,24.0,0,0,,24.0,0.0,0.0,0.0,0.0
2015,8,8,6,OO,6479,N715SK,PSP,LAX,600,609.0,9.0,11.0,620.0,55.0,42.0,24.0,110,644.0,7.0,655,651.0,-4.0,0,0,,,,,,
2015,8,9,7,OO,6312,N924SW,PSP,LAX,717,735.0,18.0,15.0,750.0,58.0,57.0,23.0,110,813.0,19.0,815,832.0,17.0,0,0,,0.0,0.0,17.0,0.0,0.0
2015,8,10,1,OO,6312,N793SK,PSP,LAX,656,650.0,-6.0,14.0,704.0,56.0,92.0,24.0,110,728.0,54.0,752,822.0,30.0,0,0,,30.0,0.0,0.0,0.0,0.0
2015,8,11,2,OO,6312,N705SK,PSP,LAX,656,827.0,91.0,46.0,913.0,56.0,87.0,24.0,110,937.0,17.0,752,954.0,122.0,0,0,,31.0,0.0,91.0,0.0,0.0
2015,8,12,3,OO,6312,N745SK,PSP,LAX,656,712.0,16.0,21.0,733.0,56.0,53.0,24.0,110,757.0,8.0,752,805.0,13.0,0,0,,,,,,
2015,8,13,4,OO,6312,N790SK,PSP,LAX,656,647.0,-9.0,22.0,709.0,56.0,53.0,25.0,110,734.0,6.0,752,740.0,-12.0,0,0,,,,,,
2015,8,14,5,OO,6312,N927SW,PSP,LAX,656,1017.0,201.0,17.0,1034.0,56.0,49.0,25.0,110,1059.0,7.0,752,1106.0,194.0,0,0,,0.0,0.0,194.0,0.0,0.0
2015,8,15,6,OO,6479,N703SK,PSP,LAX,600,552.0,-8.0,15.0,607.0,55.0,42.0,20.0,110,627.0,7.0,655,634.0,-21.0,0,0,,,,,,
2015,8,16,7,OO,6312,N903SW,PSP,LAX,717,706.0,-11.0,11.0,717.0,58.0,84.0,27.0,110,744.0,46.0,815,830.0,15.0,0,0,,15.0,0.0,0.0,0.0,0.0
2015,8,17,1,OO,6312,N780SK,PSP,LAX,656,649.0,-7.0,15.0,704.0,56.0,46.0,24.0,110,728.0,7.0,752,735.0,-17.0,0,0,,,,,,
2015,8,18,2,OO,6312,N984CA,PSP,LAX,727,717.0,-10.0,12.0,729.0,57.0,43.0,26.0,110,755.0,5.0,824,800.0,-24.0,0,0,,,,,,
2015,8,19,3,OO,6312,N507CA,PSP,LAX,729,729.0,0.0,5.0,734.0,57.0,62.0,27.0,110,801.0,30.0,826,831.0,5.0,0,0,,,,,,
2015,8,20,4,OO,6312,N937SW,PSP,LAX,727,730.0,3.0,30.0,800.0,57.0,68.0,23.0,110,823.0,15.0,824,838.0,14.0,0,0,,,,,,
2015,8,21,5,OO,6312,N927SW,PSP,LAX,727,719.0,-8.0,9.0,728.0,57.0,90.0,25.0,110,753.0,56.0,824,849.0,25.0,0,0,,25.0,0.0,0.0,0.0,0.0
2015,8,22,6,OO,6312,N909SW,PSP,LAX,727,717.0,-10.0,9.0,726.0,57.0,45.0,27.0,110,753.0,9.0,824,802.0,-22.0,0,0,,,,,,
2015,8,23,7,OO,6312,N954SW,PSP,LAX,727,716.0,-11.0,16.0,732.0,57.0,79.0,27.0,110,759.0,36.0,824,835.0,11.0,0,0,,,,,,
2015,8,24,1,OO,6312,N479CA,PSP,LAX,727,718.0,-9.0,32.0,750.0,57.0,73.0,27.0,110,817.0,14.0,824,831.0,7.0,0,0,,,,,,
2015,8,25,2,OO,6312,N943SW,PSP,LAX,727,721.0,-6.0,32.0,753.0,57.0,65.0,26.0,110,819.0,7.0,824,826.0,2.0,0,0,,,,,,
2015,8,26,3,OO,6312,N593ML,PSP,LAX,734,932.0,118.0,11.0,943.0,57.0,44.0,26.0,110,1009.0,7.0,831,1016.0,105.0,0,0,,0.0,0.0,105.0,0.0,0.0
2015,8,27,4,OO,6312,N926SW,PSP,LAX,727,712.0,-15.0,21.0,733.0,57.0,70.0,36.0,110,809.0,13.0,824,822.0,-2.0,0,0,,,,,,
2015,8,28,5,OO,6312,N918SW,PSP,LAX,727,721.0,-6.0,15.0,736.0,57.0,50.0,23.0,110,759.0,12.0,824,811.0,-13.0,0,0,,,,,,
2015,8,29,6,OO,6312,N962SW,PSP,LAX,727,718.0,-9.0,12.0,730.0,57.0,66.0,26.0,110,756.0,28.0,824,824.0,0.0,0,0,,,,,,
2015,8,30,7,OO,6312,N471CA,PSP,LAX,727,718.0,-9.0,19.0,737.0,57.0,60.0,24.0,110,801.0,17.0,824,818.0,-6.0,0,0,,,,,,
2015,8,31,1,OO,6312,N927SW,PSP,LAX,727,720.0,-7.0,15.0,735.0,57.0,73.0,26.0,110,801.0,32.0,824,833.0,9.0,0,0,,,,,,
2015,9,1,2,OO,6312,N946SW,PSP,LAX,727,721.0,-6.0,35.0,756.0,57.0,68.0,26.0,110,822.0,7.0,824,829.0,5.0,0,0,,,,,,
2015,9,2,3,OO,6312,N920SW,PSP,LAX,729,725.0,-4.0,21.0,746.0,57.0,77.0,25.0,110,811.0,31.0,826,842.0,16.0,0,0,,16.0,0.0,0.0,0.0,0.0
2015,9,3,4,OO,6312,N824AS,PSP,LAX,727,718.0,-9.0,9.0,727.0,57.0,58.0,24.0,110,751.0,25.0,824,816.0,-8.0,0,0,,,,,,
2015,9,4,5,OO,6312,N952SW,PSP,LAX,727,716.0,-11.0,18.0,734.0,57.0,51.0,22.0,110,756.0,11.0,824,807.0,-17.0,0,0,,,,,,
2015,9,5,6,OO,6312,N702BR,PSP,LAX,727,823.0,56.0,23.0,846.0,57.0,63.0,26.0,110,912.0,14.0,824,926.0,62.0,0,0,,6.0,0.0,56.0,0.0,0.0
2015,9,6,7,OO,6312,N983CA,PSP,LAX,727,750.0,23.0,30.0,820.0,57.0,96.0,28.0,110,848.0,38.0,824,926.0,62.0,0,0,,39.0,0.0,23.0,0.0,0.0
2015,9,7,1,OO,6312,N937SW,PSP,LAX,727,714.0,-13.0,12.0,726.0,57.0,45.0,25.0,110,751.0,8.0,824,759.0,-25.0,0,0,,,,,,
2015,9,8,2,OO,6312,N593ML,PSP,LAX,727,735.0,8.0,15.0,750.0,57.0,54.0,28.0,110,818.0,11.0,824,829.0,5.0,0,0,,,,,,
2015,9,9,3,OO,6312,N951SW,PSP,LAX,727,718.0,-9.0,32.0,750.0,57.0,68.0,25.0,110,815.0,11.0,824,826.0,2.0,0,0,,,,,,
2015,9,10,4,OO,6312,N702BR,PSP,LAX,727,735.0,8.0,27.0,802.0,57.0,61.0,24.0,110,826.0,10.0,824,836.0,12.0,0,0,,,,,,
2015,9,11,5,OO,6312,N948SW,PSP,LAX,727,736.0,9.0,18.0,754.0,57.0,52.0,24.0,110,818.0,10.0,824,828.0,4.0,0,0,,,,,,
2015,9,12,6,OO,6312,N917SW,PSP,LAX,727,719.0,-8.0,11.0,730.0,57.0,60.0,25.0,110,755.0,24.0,824,819.0,-5.0,0,0,,,,,,
2015,9,13,7,OO,6312,N978SW,PSP,LAX,727,718.0,-9.0,16.0,734.0,57.0,69.0,26.0,110,800.0,27.0,824,827.0,3.0,0,0,,,,,,
2015,9,14,1,OO,6312,N957SW,PSP,LAX,727,710.0,-17.0,24.0,734.0,57.0,78.0,26.0,110,800.0,28.0,824,828.0,4.0,0,0,,,,,,
2015,9,15,2,OO,6312,N932EV,PSP,LAX,727,719.0,-8.0,18.0,737.0,57.0,48.0,25.0,110,802.0,5.0,824,807.0,-17.0,0,0,,,,,,
2015,9,16,3,OO,6312,N909SW,PSP,LAX,729,719.0,-10.0,22.0,741.0,57.0,59.0,28.0,110,809.0,9.0,826,818.0,-8.0,0,0,,,,,,
2015,9,17,4,OO,6312,N965SW,PSP,LAX,727,716.0,-11.0,13.0,729.0,57.0,67.0,26.0,110,755.0,28.0,824,823.0,-1.0,0,0,,,,,,
2015,9,18,5,OO,6312,N984CA,PSP,LAX,727,719.0,-8.0,7.0,726.0,57.0,37.0,25.0,110,751.0,5.0,824,756.0,-28.0,0,0,,,,,,
2015,9,19,6,OO,6312,N913SW,PSP,LAX,727,713.0,-14.0,16.0,729.0,57.0,50.0,25.0,110,754.0,9.0,824,803.0,-21.0,0,0,,,,,,
2015,9,20,7,OO,6312,N983CA,PSP,LAX,727,725.0,-2.0,19.0,744.0,57.0,54.0,25.0,110,809.0,10.0,824,819.0,-5.0,0,0,,,,,,
2015,9,21,1,OO,6312,N920SW,PSP,LAX,727,741.0,14.0,21.0,802.0,57.0,50.0,24.0,110,826.0,5.0,824,831.0,7.0,0,0,,,,,,
2015,9,22,2,OO,6312,N976SW,PSP,LAX,727,959.0,152.0,18.0,1017.0,57.0,62.0,27.0,110,1044.0,17.0,824,1101.0,157.0,0,0,,5.0,0.0,152.0,0.0,0.0
2015,9,23,3,OO,6312,N917SW,PSP,LAX,729,739.0,10.0,16.0,755.0,57.0,50.0,24.0,110,819.0,10.0,826,829.0,3.0,0,0,,,,,,
2015,9,24,4,OO,6312,N905SW,PSP,LAX,705,656.0,-9.0,19.0,715.0,57.0,55.0,24.0,110,739.0,12.0,802,751.0,-11.0,0,0,,,,,,
2015,9,25,5,OO,6312,N593ML,PSP,LAX,705,654.0,-11.0,10.0,704.0,57.0,41.0,26.0,110,730.0,5.0,802,735.0,-27.0,0,0,,,,,,
2015,9,26,6,OO,6312,N963SW,PSP,LAX,705,849.0,104.0,40.0,929.0,57.0,77.0,28.0,110,957.0,9.0,802,1006.0,124.0,0,0,,124.0,0.0,0.0,0.0,0.0
2015,9,27,7,OO,6312,N937SW,PSP,LAX,600,554.0,-6.0,45.0,639.0,57.0,80.0,27.0,110,706.0,8.0,657,714.0,17.0,0,0,,17.0,0.0,0.0,0.0,0.0
2015,9,28,1,OO,6312,N702BR,PSP,LAX,705,700.0,-5.0,15.0,715.0,57.0,44.0,23.0,110,738.0,6.0,802,744.0,-18.0,0,0,,,,,,
2015,9,29,2,OO,6312,N824AS,PSP,LAX,705,702.0,-3.0,18.0,720.0,57.0,48.0,24.0,110,744.0,6.0,802,750.0,-12.0,0,0,,,,,,
2015,9,30,3,OO,6312,N466SW,PSP,LAX,705,703.0,-2.0,18.0,721.0,57.0,49.0,23.0,110,744.0,8.0,802,752.0,-10.0,0,0,,,,,,
2015,11,1,7,OO,6312,N905SW,PSP,LAX,655,649.0,-6.0,10.0,659.0,56.0,90.0,25.0,110,724.0,55.0,751,819.0,28.0,0,0,,28.0,0.0,0.0,0.0,0.0
2015,11,2,1,OO,6312,N948SW,PSP,LAX,740,734.0,-6.0,15.0,749.0,56.0,44.0,23.0,110,812.0,6.0,836,818.0,-18.0,0,0,,,,,,
2015,11,3,2,OO,6312,N912SW,PSP,LAX,740,731.0,-9.0,24.0,755.0,56.0,61.0,30.0,110,825.0,7.0,836,832.0,-4.0,0,0,,,,,,
2015,11,4,3,OO,6312,N471CA,PSP,LAX,740,730.0,-10.0,20.0,750.0,56.0,52.0,26.0,110,816.0,6.0,836,822.0,-14.0,0,0,,,,,,
2015,11,5,4,OO,6312,N980SW,PSP,LAX,740,806.0,26.0,8.0,814.0,56.0,39.0,25.0,110,839.0,6.0,836,845.0,9.0,0,0,,,,,,
2015,11,6,5,OO,6312,N910SW,PSP,LAX,740,733.0,-7.0,16.0,749.0,56.0,67.0,26.0,110,815.0,25.0,836,840.0,4.0,0,0,,,,,,
2015,11,7,6,OO,6312,N975SW,PSP,LAX,740,728.0,-12.0,23.0,751.0,56.0,77.0,28.0,110,819.0,26.0,836,845.0,9.0,0,0,,,,,,
2015,11,8,7,OO,6312,N970SW,PSP,LAX,659,656.0,-3.0,12.0,708.0,56.0,60.0,24.0,110,732.0,24.0,755,756.0,1.0,0,0,,,,,,
2015,11,9,1,OO,6312,N699BR,PSP,LAX,740,731.0,-9.0,29.0,800.0,56.0,70.0,29.0,110,829.0,12.0,836,841.0,5.0,0,0,,,,,,
2015,11,10,2,OO,6312,N984CA,PSP,LAX,740,733.0,-7.0,19.0,752.0,56.0,69.0,27.0,110,819.0,23.0,836,842.0,6.0,0,0,,,,,,
2015,11,11,3,OO,6312,N679SA,PSP,LAX,740,737.0,-3.0,13.0,750.0,56.0,73.0,25.0,110,815.0,35.0,836,850.0,14.0,0,0,,,,,,
2015,11,12,4,OO,6312,N693BR,PSP,LAX,740,734.0,-6.0,10.0,744.0,56.0,55.0,24.0,110,808.0,21.0,836,829.0,-7.0,0,0,,,,,,
2015,11,13,5,OO,6312,N986SW,PSP,LAX,740,734.0,-6.0,20.0,754.0,56.0,62.0,26.0,110,820.0,16.0,836,836.0,0.0,0,0,,,,,,
2015,11,14,6,OO,6312,N983CA,PSP,LAX,740,735.0,-5.0,25.0,800.0,56.0,60.0,27.0,110,827.0,8.0,836,835.0,-1.0,0,0,,,,,,
2015,11,15,7,OO,6312,N957SW,PSP,LAX,659,649.0,-10.0,16.0,705.0,56.0,71.0,26.0,110,731.0,29.0,755,800.0,5.0,0,0,,,,,,
2015,11,16,1,OO,6312,N969SW,PSP,LAX,740,727.0,-13.0,16.0,743.0,56.0,61.0,27.0,110,810.0,18.0,836,828.0,-8.0,0,0,,,,,,
2015,11,17,2,OO,6312,N932SW,PSP,LAX,740,737.0,-3.0,17.0,754.0,56.0,51.0,25.0,110,819.0,9.0,836,828.0,-8.0,0,0,,,,,,
2015,11,18,3,OO,6312,N945SW,PSP,LAX,740,736.0,-4.0,18.0,754.0,56.0,53.0,24.0,110,818.0,11.0,836,829.0,-7.0,0,0,,,,,,
2015,11,19,4,OO,6312,N903SW,PSP,LAX,740,732.0,-8.0,12.0,744.0,56.0,70.0,25.0,110,809.0,33.0,836,842.0,6.0,0,0,,,,,,
2015,11,20,5,OO,6312,N927SW,PSP,LAX,740,733.0,-7.0,17.0,750.0,56.0,54.0,27.0,110,817.0,10.0,836,827.0,-9.0,0,0,,,,,,
2015,11,21,6,OO,6312,N910SW,PSP,LAX,740,753.0,13.0,14.0,807.0,56.0,50.0,26.0,110,833.0,10.0,836,843.0,7.0,0,0,,,,,,
2015,11,22,7,OO,6312,N937SW,PSP,LAX,659,651.0,-8.0,13.0,704.0,56.0,63.0,27.0,110,731.0,23.0,755,754.0,-1.0,0,0,,,,,,
2015,11,23,1,OO,6312,N945SW,PSP,LAX,740,729.0,-11.0,22.0,751.0,56.0,77.0,25.0,110,816.0,30.0,836,846.0,10.0,0,0,,,,,,
2015,11,24,2,OO,6312,N945SW,PSP,LAX,730,724.0,-6.0,11.0,735.0,56.0,70.0,28.0,110,803.0,31.0,826,834.0,8.0,0,0,,,,,,
2015,11,25,3,OO,6312,N952SW,PSP,LAX,740,729.0,-11.0,13.0,742.0,56.0,62.0,30.0,110,812.0,19.0,836,831.0,-5.0,0,0,,,,,,
2015,11,26,4,OO,6312,N471CA,PSP,LAX,740,735.0,-5.0,23.0,758.0,56.0,66.0,24.0,110,822.0,19.0,836,841.0,5.0,0,0,,,,,,
2015,11,27,5,OO,6312,N975SW,PSP,LAX,740,737.0,-3.0,15.0,752.0,56.0,76.0,24.0,110,816.0,37.0,836,853.0,17.0,0,0,,17.0,0.0,0.0,0.0,0.0
2015,11,27,5,OO,5247,N771SK,PSP,LAX,1452,1443.0,-9.0,10.0,1453.0,51.0,42.0,26.0,110,1519.0,6.0,1543,1525.0,-18.0,0,0,,,,,,
2015,11,28,6,OO,6312,N951SW,PSP,LAX,719,712.0,-7.0,18.0,730.0,56.0,63.0,27.0,110,757.0,18.0,815,815.0,0.0,0,0,,,,,,
2015,11,29,7,OO,6312,N874AS,PSP,LAX,725,720.0,-5.0,17.0,737.0,56.0,61.0,23.0,110,800.0,21.0,821,821.0,0.0,0,0,,,,,,
2015,11,30,1,OO,6312,N929EV,PSP,LAX,740,734.0,-6.0,22.0,756.0,56.0,60.0,24.0,110,820.0,14.0,836,834.0,-2.0,0,0,,,,,,
2015,12,1,2,OO,6312,N960SW,PSP,LAX,609,604.0,-5.0,8.0,612.0,56.0,39.0,25.0,110,637.0,6.0,705,643.0,-22.0,0,0,,,,,,
2015,12,2,3,OO,6312,N961SW,PSP,LAX,735,728.0,-7.0,15.0,743.0,59.0,71.0,25.0,110,808.0,31.0,834,839.0,5.0,0,0,,,,,,
2015,12,3,4,OO,6312,N958SW,PSP,LAX,735,728.0,-7.0,26.0,754.0,59.0,60.0,26.0,110,820.0,8.0,834,828.0,-6.0,0,0,,,,,,
2015,12,4,5,OO,6312,N938SW,PSP,LAX,735,742.0,7.0,19.0,801.0,59.0,64.0,33.0,110,834.0,12.0,834,846.0,12.0,0,0,,,,,,
2015,12,5,6,OO,6312,N920SW,PSP,LAX,735,729.0,-6.0,22.0,751.0,59.0,62.0,23.0,110,814.0,17.0,834,831.0,-3.0,0,0,,,,,,
2015,12,6,7,OO,6312,N959SW,PSP,LAX,735,732.0,-3.0,17.0,749.0,59.0,48.0,26.0,110,815.0,5.0,834,820.0,-14.0,0,0,,,,,,
2015,12,7,1,OO,6312,N959SW,PSP,LAX,735,733.0,-2.0,10.0,743.0,59.0,47.0,23.0,110,806.0,14.0,834,820.0,-14.0,0,0,,,,,,
2015,12,8,2,OO,6312,N965SW,PSP,LAX,735,730.0,-5.0,12.0,742.0,59.0,49.0,21.0,110,803.0,16.0,834,819.0,-15.0,0,0,,,,,,
2015,12,9,3,OO,6312,N963SW,PSP,LAX,735,725.0,-10.0,12.0,737.0,59.0,103.0,24.0,110,801.0,67.0,834,908.0,34.0,0,0,,34.0,0.0,0.0,0.0,0.0
2015,12,10,4,OO,6312,N943SW,PSP,LAX,735,732.0,-3.0,23.0,755.0,59.0,63.0,28.0,110,823.0,12.0,834,835.0,1.0,0,0,,,,,,
2015,12,11,5,OO,6312,N908SW,PSP,LAX,735,723.0,-12.0,18.0,741.0,59.0,71.0,25.0,110,806.0,28.0,834,834.0,0.0,0,0,,,,,,
2015,12,12,6,OO,6312,N908SW,PSP,LAX,735,728.0,-7.0,27.0,755.0,59.0,57.0,23.0,110,818.0,7.0,834,825.0,-9.0,0,0,,,,,,
2015,12,13,7,OO,6312,N932EV,PSP,LAX,735,728.0,-7.0,17.0,745.0,59.0,48.0,25.0,110,810.0,6.0,834,816.0,-18.0,0,0,,,,,,
2015,12,14,1,OO,6312,N472CA,PSP,LAX,735,729.0,-6.0,16.0,745.0,59.0,68.0,27.0,110,812.0,25.0,834,837.0,3.0,0,0,,,,,,
2015,12,15,2,OO,6312,N905SW,PSP,LAX,735,741.0,6.0,12.0,753.0,59.0,43.0,22.0,110,815.0,9.0,834,824.0,-10.0,0,0,,,,,,
2015,12,16,3,OO,6312,N594SW,PSP,LAX,735,725.0,-10.0,38.0,803.0,59.0,81.0,36.0,110,839.0,7.0,834,846.0,12.0,0,0,,,,,,
2015,12,17,4,OO,6312,N908SW,PSP,LAX,654,644.0,-10.0,15.0,659.0,56.0,74.0,27.0,110,726.0,32.0,750,758.0,8.0,0,0,,,,,,
2015,12,18,5,OO,6312,N709BR,PSP,LAX,651,645.0,-6.0,12.0,657.0,56.0,91.0,27.0,110,724.0,52.0,747,816.0,29.0,0,0,,29.0,0.0,0.0,0.0,0.0
2015,12,19,6,OO,6312,N961SW,PSP,LAX,623,632.0,9.0,16.0,648.0,56.0,51.0,26.0,110,714.0,9.0,719,723.0,4.0,0,0,,,,,,
2015,12,20,7,OO,6312,N916SW,PSP,LAX,650,646.0,-4.0,28.0,714.0,56.0,68.0,27.0,110,741.0,13.0,746,754.0,8.0,0,0,,,,,,
2015,12,21,1,OO,6312,N967SW,PSP,LAX,651,700.0,9.0,14.0,714.0,56.0,46.0,24.0,110,738.0,8.0,747,746.0,-1.0,0,0,,,,,,
2015,12,22,2,OO,6312,N976SW,PSP,LAX,651,644.0,-7.0,12.0,656.0,56.0,50.0,30.0,110,726.0,8.0,747,734.0,-13.0,0,0,,,,,,
2015,12,23,3,OO,6312,N961SW,PSP,LAX,650,642.0,-8.0,48.0,730.0,56.0,98.0,31.0,110,801.0,19.0,746,820.0,34.0,0,0,,34.0,0.0,0.0,0.0,0.0
2015,12,24,4,OO,6312,N983SW,PSP,LAX,651,647.0,-4.0,19.0,706.0,56.0,80.0,25.0,110,731.0,36.0,747,807.0,20.0,0,0,,20.0,0.0,0.0,0.0,0.0
2015,12,25,5,OO,6312,N957SW,PSP,LAX,650,640.0,-10.0,40.0,720.0,56.0,72.0,25.0,110,745.0,7.0,746,752.0,6.0,0,0,,,,,,
2015,12,26,6,OO,6312,N973SW,PSP,LAX,600,558.0,-2.0,19.0,617.0,56.0,51.0,23.0,110,640.0,9.0,656,649.0,-7.0,0,0,,,,,,
2015,12,27,7,OO,6312,N976SW,PSP,LAX,700,645.0,-15.0,17.0,702.0,56.0,53.0,26.0,110,728.0,10.0,756,738.0,-18.0,0,0,,,,,,
2015,12,28,1,OO,6312,N912SW,PSP,LAX,651,734.0,43.0,10.0,744.0,56.0,54.0,24.0,110,808.0,20.0,747,828.0,41.0,0,0,,0.0,0.0,41.0,0.0,0.0
2015,12,29,2,OO,6312,N963SW,PSP,LAX,650,646.0,-4.0,18.0,704.0,56.0,48.0,25.0,110,729.0,5.0,746,734.0,-12.0,0,0,,,,,,
2015,12,30,3,OO,6312,N982SW,PSP,LAX,651,649.0,-2.0,30.0,719.0,56.0,62.0,25.0,110,744.0,7.0,747,751.0,4.0,0,0,,,,,,
2015,12,31,4,OO,6312,N926SW,PSP,LAX,651,641.0,-10.0,15.0,656.0,56.0,49.0,25.0,110,721.0,9.0,747,730.0,-17.0,0,0,,,,,,
